LayerName,LayerType,Material,XPosition,YPosition,ZPosition,XSize,YSize,ZSize
M4_metal_0_1,Metal,copper,-1.74725,-1.96,0,0.837543,0.14,0.28
M4_metal_0_2,Metal,copper,0.47447,-1.96,0,0.82359,0.14,0.28
M4_metal_0_3,Metal,copper,-0.426987,-1.96,0,0.281101,0.14,0.28
M4_metal_0_4,Metal,copper,1.30225,-1.96,0,0.208463,0.14,0.28
M4_metal_1_1,Metal,copper,1.69284,-1.68,0,0.224873,0.14,0.28
M4_metal_1_2,Metal,copper,0.988716,-1.68,0,0.528343,0.14,0.28
M4_metal_1_3,Metal,copper,-0.679627,-1.68,0,0.418781,0.14,0.28
M4_metal_1_4,Metal,copper,0.423092,-1.68,0,0.527448,0.14,0.28
M4_metal_1_5,Metal,copper,-1.86058,-1.68,0,1.15732,0.14,0.28
M4_metal_2_1,Metal,copper,-1.29532,-1.4,0,0.555231,0.14,0.28
M4_metal_3_1,Metal,copper,0.0865294,-1.12,0,1.72482,0.14,0.28
M4_metal_3_2,Metal,copper,-1.7618,-1.12,0,1.3306,0.14,0.28
M4_metal_4_1,Metal,copper,0.615607,-0.84,0,0.592189,0.14,0.28
M4_metal_4_2,Metal,copper,-1.64092,-0.84,0,1.22539,0.14,0.28
M4_metal_4_3,Metal,copper,0.219613,-0.84,0,0.374791,0.14,0.28
M4_metal_5_1,Metal,copper,-1.90357,-0.56,0,1.67523,0.14,0.28
M4_metal_5_2,Metal,copper,0.616995,-0.56,0,0.575923,0.14,0.28
M4_metal_5_3,Metal,copper,0.159959,-0.56,0,0.257368,0.14,0.28
M4_metal_6_1,Metal,copper,0.355447,-0.28,0,1.15279,0.14,0.28
M4_metal_6_2,Metal,copper,-0.951105,-0.28,0,0.493204,0.14,0.28
M4_metal_6_3,Metal,copper,-1.52446,-0.28,0,0.513239,0.14,0.28
M4_metal_7_1,Metal,copper,0.0215273,-2.22045e-16,0,0.747227,0.14,0.28
M4_metal_7_2,Metal,copper,-1.78312,-2.22045e-16,0,1.61951,0.14,0.28
M4_metal_7_3,Metal,copper,1.2407,-2.22045e-16,0,0.53974,0.14,0.28
M4_metal_7_4,Metal,copper,0.889095,-2.22045e-16,0,0.24658,0.14,0.28
M4_metal_8_1,Metal,copper,0.139794,0.28,0,0.790025,0.14,0.28
M4_metal_8_2,Metal,copper,1.16068,0.28,0,0.399107,0.14,0.28
M4_metal_8_3,Metal,copper,-1.17165,0.28,0,0.94539,0.14,0.28
M4_metal_8_4,Metal,copper,-1.83918,0.28,0,0.567322,0.14,0.28
M4_metal_9_1,Metal,copper,-0.502285,0.56,0,0.300205,0.14,0.28
M4_metal_10_1,Metal,copper,0.650924,0.84,0,0.958008,0.14,0.28
M4_metal_11_1,Metal,copper,-0.973348,1.12,0,0.700736,0.14,0.28
M4_metal_11_2,Metal,copper,0.157243,1.12,0,1.47373,0.14,0.28
M4_metal_11_3,Metal,copper,-1.83284,1.12,0,0.597635,0.14,0.28
M4_metal_11_4,Metal,copper,1.66071,1.12,0,0.231438,0.14,0.28
M4_metal_12_1,Metal,copper,-0.798835,1.4,0,0.635297,0.14,0.28
M4_metal_12_2,Metal,copper,-1.5433,1.4,0,0.278446,0.14,0.28
M4_metal_12_3,Metal,copper,0.465734,1.4,0,1.31521,0.14,0.28
M4_metal_12_4,Metal,copper,-1.15403,1.4,0,0.231338,0.14,0.28
M4_metal_13_1,Metal,copper,0.428272,1.68,0,0.889244,0.14,0.28
M4_metal_13_2,Metal,copper,-1.70554,1.68,0,1.52953,0.14,0.28
M5_metal_0_1,Metal,copper,-1.96,-1.21479,0.57,0.14,0.815387,0.28
M5_metal_0_2,Metal,copper,-1.96,0.561445,0.57,0.14,0.486146,0.28
M5_metal_0_3,Metal,copper,-1.96,1.12496,0.57,0.14,0.775499,0.28
M5_metal_0_4,Metal,copper,-1.96,-1.87448,0.57,0.14,0.281762,0.28
M5_metal_1_1,Metal,copper,-1.68,0.103903,0.57,0.14,0.638135,0.28
M5_metal_1_2,Metal,copper,-1.68,1.05125,0.57,0.14,0.746124,0.28
M5_metal_1_3,Metal,copper,-1.68,-1.87052,0.57,0.14,1.01703,0.28
M5_metal_1_4,Metal,copper,-1.68,-0.411554,0.57,0.14,0.287927,0.28
M5_metal_2_1,Metal,copper,-1.4,0.654945,0.57,0.14,0.713591,0.28
M5_metal_2_2,Metal,copper,-1.4,-1.93289,0.57,0.14,1.48166,0.28
M5_metal_3_1,Metal,copper,-1.12,-1.08871,0.57,0.14,1.07791,0.28
M5_metal_3_2,Metal,copper,-1.12,0.29911,0.57,0.14,0.807872,0.28
M5_metal_3_3,Metal,copper,-1.12,1.21828,0.57,0.14,0.249287,0.28
M5_metal_3_4,Metal,copper,-1.12,-1.6328,0.57,0.14,0.266656,0.28
M5_metal_4_1,Metal,copper,-0.84,0.78642,0.57,0.14,0.849366,0.28
M5_metal_4_2,Metal,copper,-0.84,-0.873145,0.57,0.14,0.801668,0.28
M5_metal_4_3,Metal,copper,-0.84,-1.30052,0.57,0.14,0.297905,0.28
M5_metal_5_1,Metal,copper,-0.56,-0.584256,0.57,0.14,0.514016,0.28
M5_metal_6_1,Metal,copper,-0.28,0.0268782,0.57,0.14,1.81764,0.28
M5_metal_6_2,Metal,copper,-0.28,-1.18235,0.57,0.14,0.653183,0.28
M5_metal_7_1,Metal,copper,-2.22045e-16,0.462955,0.57,0.14,0.963626,0.28
M5_metal_8_1,Metal,copper,0.28,0.359478,0.57,0.14,1.45496,0.28
M5_metal_8_2,Metal,copper,0.28,-0.854097,0.57,0.14,0.556091,0.28
M5_metal_8_3,Metal,copper,0.28,-1.85091,0.57,0.14,0.590709,0.28
M5_metal_9_1,Metal,copper,0.56,0.692253,0.57,0.14,1.18551,0.28
M5_metal_9_2,Metal,copper,0.56,0.24856,0.57,0.14,0.275436,0.28
M5_metal_9_3,Metal,copper,0.56,-1.55181,0.57,0.14,1.336,0.28
M5_metal_10_1,Metal,copper,0.84,-0.653964,0.57,0.14,0.337895,0.28
M5_metal_11_1,Metal,copper,1.12,0.795786,0.57,0.14,0.829428,0.28
M5_metal_12_1,Metal,copper,1.4,0.534293,0.57,0.14,0.88539,0.28
M5_metal_13_1,Metal,copper,1.68,-0.506452,0.57,0.14,0.293253,0.28
M6_metal_0_1,Metal,copper,0.643855,-1.96,1.14,0.972052,0.14,0.28
M6_metal_1_1,Metal,copper,0.655965,-1.68,1.14,1.00852,0.14,0.28
M6_metal_1_2,Metal,copper,-1.73812,-1.68,1.14,0.910585,0.14,0.28
M6_metal_1_3,Metal,copper,0.1399,-1.68,1.14,0.22032,0.14,0.28
M6_metal_2_1,Metal,copper,-1.47953,-1.4,1.14,1.42349,0.14,0.28
M6_metal_2_2,Metal,copper,0.395435,-1.4,1.14,0.261687,0.14,0.28
M6_metal_3_1,Metal,copper,-1.51626,-1.12,1.14,0.769785,0.14,0.28
M6_metal_3_2,Metal,copper,-0.461661,-1.12,1.14,0.408571,0.14,0.28
M6_metal_3_3,Metal,copper,0.148729,-1.12,1.14,0.882151,0.14,0.28
M6_metal_3_4,Metal,copper,1.54578,-1.12,1.14,0.398885,0.14,0.28
M6_metal_4_1,Metal,copper,0.912517,-0.84,1.14,0.261846,0.14,0.28
M6_metal_5_1,Metal,copper,0.58377,-0.56,1.14,0.872789,0.14,0.28
M6_metal_5_2,Metal,copper,-1.80018,-0.56,1.14,1.44759,0.14,0.28
M6_metal_5_3,Metal,copper,0.209771,-0.56,1.14,0.342983,0.14,0.28
M6_metal_6_1,Metal,copper,0.729884,-0.28,1.14,1.13195,0.14,0.28
M6_metal_6_2,Metal,copper,-1.19085,-0.28,1.14,1.00497,0.14,0.28
M6_metal_7_1,Metal,copper,-1.29672,-2.22045e-16,1.14,0.441603,0.14,0.28
M6_metal_7_2,Metal,copper,1.35695,-2.22045e-16,1.14,0.198661,0.14,0.28
M6_metal_7_3,Metal,copper,-1.9245,-2.22045e-16,1.14,0.324548,0.14,0.28
M6_metal_7_4,Metal,copper,-0.832967,-2.22045e-16,1.14,0.330948,0.14,0.28
M6_metal_7_5,Metal,copper,0.144885,-2.22045e-16,1.14,0.478359,0.14,0.28
M6_metal_7_6,Metal,copper,0.677899,-2.22045e-16,1.14,0.434901,0.14,0.28
M6_metal_8_1,Metal,copper,-1.38158,0.28,1.14,1.17736,0.14,0.28
M6_metal_8_2,Metal,copper,1.2853,0.28,1.14,0.200897,0.14,0.28
M6_metal_8_3,Metal,copper,0.437671,0.28,1.14,0.503862,0.14,0.28
M6_metal_9_1,Metal,copper,0.26107,0.56,1.14,1.36937,0.14,0.28
M6_metal_10_1,Metal,copper,-1.91326,0.84,1.14,1.40892,0.14,0.28
M6_metal_10_2,Metal,copper,0.0298812,0.84,1.14,1.2131,0.14,0.28
M6_metal_11_1,Metal,copper,-0.968351,1.12,1.14,0.267847,0.14,0.28
M6_metal_11_2,Metal,copper,-1.78135,1.12,1.14,0.303491,0.14,0.28
M6_metal_11_3,Metal,copper,-0.602313,1.12,1.14,0.247834,0.14,0.28
M6_metal_11_4,Metal,copper,0.0518909,1.12,1.14,1.67192,0.14,0.28
M6_metal_11_5,Metal,copper,-1.41458,1.12,1.14,0.353562,0.14,0.28
M6_metal_12_1,Metal,copper,-1.66642,1.4,1.14,0.201336,0.14,0.28
M6_metal_12_2,Metal,copper,0.922222,1.4,1.14,0.305899,0.14,0.28
M6_metal_13_1,Metal,copper,-0.429631,1.68,1.14,0.249135,0.14,0.28
M6_metal_13_2,Metal,copper,0.144125,1.68,1.14,1.72888,0.14,0.28
M6_metal_13_3,Metal,copper,-1.45298,1.68,1.14,0.641922,0.14,0.28
M7_metal_0_1,Metal,copper,-1.96,1.23548,1.71,0.14,0.505024,0.28
M7_metal_0_2,Metal,copper,-1.96,-1.04909,1.71,0.14,0.760216,0.28
M7_metal_0_3,Metal,copper,-1.96,0.166795,1.71,0.14,0.348889,0.28
M7_metal_0_4,Metal,copper,-1.96,-1.73122,1.71,0.14,0.502943,0.28
M7_metal_1_1,Metal,copper,-1.68,-1.62463,1.71,0.14,0.731321,0.28
M7_metal_1_2,Metal,copper,-1.68,-0.859917,1.71,0.14,0.843109,0.28
M7_metal_1_3,Metal,copper,-1.68,0.301869,1.71,0.14,1.15833,0.28
M7_metal_1_4,Metal,copper,-1.68,1.46851,1.71,0.14,0.215403,0.28
M7_metal_2_1,Metal,copper,-1.4,-1.78436,1.71,0.14,0.873903,0.28
M7_metal_2_2,Metal,copper,-1.4,0.0245796,1.71,0.14,0.42207,0.28
M7_metal_2_3,Metal,copper,-1.4,0.841509,1.71,0.14,0.818941,0.28
M7_metal_3_1,Metal,copper,-1.12,-0.921973,1.71,0.14,0.723745,0.28
M7_metal_3_2,Metal,copper,-1.12,0.198665,1.71,0.14,0.73005,0.28
M7_metal_3_3,Metal,copper,-1.12,-1.60842,1.71,0.14,0.259685,0.28
M7_metal_3_4,Metal,copper,-1.12,1.38459,1.71,0.14,0.549578,0.28
M7_metal_4_1,Metal,copper,-0.84,0.789434,1.71,0.14,0.309445,0.28
M7_metal_5_1,Metal,copper,-0.56,0.333104,1.71,0.14,0.537259,0.28
M7_metal_5_2,Metal,copper,-0.56,-0.960913,1.71,0.14,0.357333,0.28
M7_metal_5_3,Metal,copper,-0.56,1.15129,1.71,0.14,0.665167,0.28
M7_metal_6_1,Metal,copper,-0.28,0.0453726,1.71,0.14,0.493479,0.28
M7_metal_6_2,Metal,copper,-0.28,0.888924,1.71,0.14,0.201524,0.28
M7_metal_6_3,Metal,copper,-0.28,-1.54411,1.71,0.14,1.34521,0.28
M7_metal_6_4,Metal,copper,-0.28,1.26985,1.71,0.14,0.5284,0.28
M7_metal_7_1,Metal,copper,-2.22045e-16,-1.94971,1.71,0.14,0.929569,0.28
M7_metal_7_2,Metal,copper,-2.22045e-16,1.17325,1.71,0.14,0.608881,0.28
M7_metal_7_3,Metal,copper,-2.22045e-16,0.487441,1.71,0.14,0.527302,0.28
M7_metal_7_4,Metal,copper,-2.22045e-16,-1.01019,1.71,0.14,0.710406,0.28
M7_metal_8_1,Metal,copper,0.28,-1.75274,1.71,0.14,1.11483,0.28
M7_metal_8_2,Metal,copper,0.28,0.12907,1.71,0.14,0.751451,0.28
M7_metal_8_3,Metal,copper,0.28,0.951612,1.71,0.14,0.353288,0.28
M7_metal_9_1,Metal,copper,0.56,-0.800244,1.71,0.14,0.528208,0.28
M7_metal_9_2,Metal,copper,0.56,0.0347152,1.71,0.14,1.54085,0.28
M7_metal_9_3,Metal,copper,0.56,-1.45433,1.71,0.14,0.529509,0.28
M7_metal_10_1,Metal,copper,0.84,0.0454546,1.71,0.14,1.09823,0.28
M7_metal_10_2,Metal,copper,0.84,-1.53952,1.71,0.14,0.633992,0.28
M7_metal_11_1,Metal,copper,1.12,-1.41339,1.71,0.14,1.13246,0.28
M7_metal_11_2,Metal,copper,1.12,0.5475,1.71,0.14,1.04727,0.28
M7_metal_11_3,Metal,copper,1.12,0.245747,1.71,0.14,0.254214,0.28
M7_metal_12_1,Metal,copper,1.4,-1.85675,1.71,0.14,1.46523,0.28
M7_metal_13_1,Metal,copper,1.68,-1.85272,1.71,0.14,1.13235,0.28
M7_metal_13_2,Metal,copper,1.68,0.0849316,1.71,0.14,1.64377,0.28
M8_metal_0_1,Metal,copper,-1.73345,-1.96,2.28,1.5553,0.14,0.28
M8_metal_0_2,Metal,copper,0.346055,-1.96,2.28,0.904448,0.14,0.28
M8_metal_1_1,Metal,copper,-1.50471,-1.68,2.28,0.7374,0.14,0.28
M8_metal_1_2,Metal,copper,0.727658,-1.68,2.28,1.0378,0.14,0.28
M8_metal_1_3,Metal,copper,-0.456833,-1.68,2.28,0.387336,0.14,0.28
M8_metal_2_1,Metal,copper,-1.84811,-1.4,2.28,0.648134,0.14,0.28
M8_metal_2_2,Metal,copper,-0.697411,-1.4,2.28,0.620411,0.14,0.28
M8_metal_2_3,Metal,copper,0.561952,-1.4,2.28,0.358437,0.14,0.28
M8_metal_2_4,Metal,copper,1.14783,-1.4,2.28,0.702731,0.14,0.28
M8_metal_2_5,Metal,copper,0.129428,-1.4,2.28,0.251966,0.14,0.28
M8_metal_3_1,Metal,copper,-1.23465,-1.12,2.28,1.06657,0.14,0.28
M8_metal_4_1,Metal,copper,-1.79397,-0.84,2.28,1.35948,0.14,0.28
M8_metal_4_2,Metal,copper,0.861282,-0.84,2.28,1.06843,0.14,0.28
M8_metal_5_1,Metal,copper,0.898411,-0.56,2.28,0.525872,0.14,0.28
M8_metal_6_1,Metal,copper,-1.51057,-0.28,2.28,0.489092,0.14,0.28
M8_metal_6_2,Metal,copper,0.0691114,-0.28,2.28,1.27998,0.14,0.28
M8_metal_6_3,Metal,copper,-0.878117,-0.28,2.28,0.547082,0.14,0.28
M8_metal_7_1,Metal,copper,0.0365007,-2.22045e-16,2.28,1.1326,0.14,0.28
M8_metal_7_2,Metal,copper,-1.24472,-2.22045e-16,2.28,0.361462,0.14,0.28
M8_metal_8_1,Metal,copper,0.329119,0.28,2.28,0.742474,0.14,0.28
M8_metal_8_2,Metal,copper,-1.69395,0.28,2.28,0.821244,0.14,0.28
M8_metal_9_1,Metal,copper,-1.30905,0.56,2.28,0.877527,0.14,0.28
M8_metal_10_1,Metal,copper,-1.31056,0.84,2.28,1.05804,0.14,0.28
M8_metal_10_2,Metal,copper,1.64008,0.84,2.28,0.281267,0.14,0.28
M8_metal_10_3,Metal,copper,0.00319711,0.84,2.28,1.11343,0.14,0.28
M8_metal_11_1,Metal,copper,-1.92605,1.12,2.28,1.68609,0.14,0.28
M8_metal_12_1,Metal,copper,0.0373358,1.4,2.28,1.01951,0.14,0.28
M8_metal_12_2,Metal,copper,-1.6756,1.4,2.28,1.46941,0.14,0.28
M8_metal_13_1,Metal,copper,-1.93537,1.68,2.28,1.61443,0.14,0.28
M8_metal_13_2,Metal,copper,1.56669,1.68,2.28,0.223913,0.14,0.28
M8_metal_13_3,Metal,copper,0.0160535,1.68,2.28,1.40891,0.14,0.28
M9_metal_0_1,Metal,copper,-1.96,0.101696,2.85,0.14,1.26319,0.28
M9_metal_1_1,Metal,copper,-1.68,-1.17321,2.85,0.14,0.961836,0.28
M9_metal_1_2,Metal,copper,-1.68,0.788118,2.85,0.14,0.710611,0.28
M9_metal_2_1,Metal,copper,-1.4,1.06108,2.85,0.14,0.609142,0.28
M9_metal_2_2,Metal,copper,-1.4,-0.775283,2.85,0.14,0.570837,0.28
M9_metal_2_3,Metal,copper,-1.4,0.617244,2.85,0.14,0.277118,0.28
M9_metal_2_4,Metal,copper,-1.4,-1.50207,2.85,0.14,0.291091,0.28
M9_metal_3_1,Metal,copper,-1.12,-1.50666,2.85,0.14,0.206429,0.28
M9_metal_3_2,Metal,copper,-1.12,-0.851004,2.85,0.14,0.615296,0.28
M9_metal_3_3,Metal,copper,-1.12,0.898315,2.85,0.14,0.265594,0.28
M9_metal_4_1,Metal,copper,-0.84,-1.01382,2.85,0.14,0.392296,0.28
M9_metal_4_2,Metal,copper,-0.84,0.67561,2.85,0.14,1.2807,0.28
M9_metal_4_3,Metal,copper,-0.84,-1.61782,2.85,0.14,0.430773,0.28
M9_metal_4_4,Metal,copper,-0.84,0.1652,2.85,0.14,0.505898,0.28
M9_metal_4_5,Metal,copper,-0.84,-0.564131,2.85,0.14,0.389177,0.28
M9_metal_5_1,Metal,copper,-0.56,0.842724,2.85,0.14,0.654583,0.28
M9_metal_5_2,Metal,copper,-0.56,-1.00343,2.85,0.14,0.602818,0.28
M9_metal_6_1,Metal,copper,-0.28,0.754753,2.85,0.14,0.603881,0.28
M9_metal_6_2,Metal,copper,-0.28,-1.67792,2.85,0.14,0.562431,0.28
M9_metal_7_1,Metal,copper,-2.22045e-16,0.126497,2.85,0.14,0.673006,0.28
M9_metal_7_2,Metal,copper,-2.22045e-16,-1.66257,2.85,0.14,1.52167,0.28
M9_metal_8_1,Metal,copper,0.28,0.644879,2.85,0.14,1.01424,0.28
M9_metal_8_2,Metal,copper,0.28,-1.27075,2.85,0.14,0.923582,0.28
M9_metal_8_3,Metal,copper,0.28,-1.76703,2.85,0.14,0.440162,0.28
M9_metal_9_1,Metal,copper,0.56,-0.99409,2.85,0.14,0.695367,0.28
M9_metal_9_2,Metal,copper,0.56,0.585038,2.85,0.14,0.958915,0.28
M9_metal_9_3,Metal,copper,0.56,-1.73466,2.85,0.14,0.694113,0.28
M9_metal_10_1,Metal,copper,0.84,-1.51666,2.85,0.14,0.829311,0.28
M9_metal_10_2,Metal,copper,0.84,0.464776,2.85,0.14,0.902481,0.28
M9_metal_10_3,Metal,copper,0.84,-1.91425,2.85,0.14,0.256001,0.28
M9_metal_10_4,Metal,copper,0.84,-0.557459,2.85,0.14,0.509485,0.28
M9_metal_11_1,Metal,copper,1.12,-1.71627,2.85,0.14,1.43275,0.28
M9_metal_11_2,Metal,copper,1.12,0.960178,2.85,0.14,0.946745,0.28
M9_metal_11_3,Metal,copper,1.12,0.0925962,2.85,0.14,0.381622,0.28
M9_metal_12_1,Metal,copper,1.4,0.0605537,2.85,0.14,0.448165,0.28
M9_metal_12_2,Metal,copper,1.4,-1.5741,2.85,0.14,1.16347,0.28
M9_metal_12_3,Metal,copper,1.4,0.540883,2.85,0.14,0.531827,0.28
M9_metal_13_1,Metal,copper,1.68,0.966681,2.85,0.14,0.863779,0.28
M9_metal_13_2,Metal,copper,1.68,-1.95128,2.85,0.14,1.72582,0.28
M9_metal_13_3,Metal,copper,1.68,0.0540034,2.85,0.14,0.327946,0.28
M10_metal_0_1,Metal,copper,0.789774,-1.96,3.42,0.684583,0.14,0.28
M10_metal_0_2,Metal,copper,-1.86685,-1.96,3.42,1.40287,0.14,0.28
M10_metal_0_3,Metal,copper,0.0717536,-1.96,3.42,0.602835,0.14,0.28
M10_metal_1_1,Metal,copper,-1.74107,-1.68,3.42,0.819773,0.14,0.28
M10_metal_1_2,Metal,copper,1.31935,-1.68,3.42,0.486811,0.14,0.28
M10_metal_2_1,Metal,copper,-1.76318,-1.4,3.42,1.27762,0.14,0.28
M10_metal_2_2,Metal,copper,1.15935,-1.4,3.42,0.649982,0.14,0.28
M10_metal_2_3,Metal,copper,0.0735794,-1.4,3.42,1.07397,0.14,0.28
M10_metal_2_4,Metal,copper,-0.454248,-1.4,3.42,0.216422,0.14,0.28
M10_metal_3_1,Metal,copper,0.00210673,-1.12,3.42,0.232342,0.14,0.28
M10_metal_4_1,Metal,copper,1.39501,-0.84,3.42,0.347444,0.14,0.28
M10_metal_5_1,Metal,copper,0.280521,-0.56,3.42,1.49522,0.14,0.28
M10_metal_5_2,Metal,copper,-1.38892,-0.56,3.42,0.727886,0.14,0.28
M10_metal_5_3,Metal,copper,-0.411291,-0.56,3.42,0.330707,0.14,0.28
M10_metal_6_1,Metal,copper,-1.4441,-0.28,3.42,1.33462,0.14,0.28
M10_metal_6_2,Metal,copper,1.05618,-0.28,3.42,0.207294,0.14,0.28
M10_metal_6_3,Metal,copper,0.591864,-0.28,3.42,0.222481,0.14,0.28
M10_metal_7_1,Metal,copper,0.50493,-2.22045e-16,3.42,0.979971,0.14,0.28
M10_metal_7_2,Metal,copper,-1.40065,-2.22045e-16,3.42,1.31793,0.14,0.28
M10_metal_8_1,Metal,copper,0.740781,0.28,3.42,0.222559,0.14,0.28
M10_metal_8_2,Metal,copper,-1.17467,0.28,3.42,0.943435,0.14,0.28
M10_metal_8_3,Metal,copper,1.28514,0.28,3.42,0.375781,0.14,0.28
M10_metal_9_1,Metal,copper,-1.44069,0.56,3.42,1.17455,0.14,0.28
M10_metal_9_2,Metal,copper,0.180773,0.56,3.42,0.288303,0.14,0.28
M10_metal_9_3,Metal,copper,0.551782,0.56,3.42,0.505056,0.14,0.28
M10_metal_9_4,Metal,copper,-1.65585,0.56,3.42,0.208835,0.14,0.28
M10_metal_10_1,Metal,copper,-1.82581,0.84,3.42,1.247,0.14,0.28
M10_metal_11_1,Metal,copper,-1.92065,1.12,3.42,1.8796,0.14,0.28
M10_metal_11_2,Metal,copper,0.222638,1.12,3.42,0.837035,0.14,0.28
M10_metal_12_1,Metal,copper,-1.58334,1.4,3.42,1.56867,0.14,0.28
M10_metal_12_2,Metal,copper,1.29162,1.4,3.42,0.319821,0.14,0.28
M10_metal_12_3,Metal,copper,0.166209,1.4,3.42,0.510366,0.14,0.28
M10_metal_13_1,Metal,copper,1.01582,1.68,3.42,0.81134,0.14,0.28
Via4_14,Via,copper,-1.96,-1.12,0.28,0.14,0.14,0.29
Via4_31,Via,copper,-1.96,1.68,0.28,0.14,0.14,0.29
Via4_32,Via,copper,0,0,0.28,0.14,0.14,0.29
Via4_36,Via,copper,0,0,0.28,0.14,0.14,0.29
Via4_43,Via,copper,-1.96,-1.96,0.28,0.14,0.14,0.29
Via4_44,Via,copper,-1.96,-1.96,0.28,0.14,0.14,0.29
Via4_47,Via,copper,-1.96,-1.68,0.28,0.14,0.14,0.29
Via4_54,Via,copper,-1.96,-1.12,0.28,0.14,0.14,0.29
Via4_76,Via,copper,0,0,0.28,0.14,0.14,0.29
Via4_87,Via,copper,-1.96,-1.68,0.28,0.14,0.14,0.29
Via4_98,Via,copper,-1.96,-0.84,0.28,0.14,0.14,0.29
Via4_114,Via,copper,0,0,0.28,0.14,0.14,0.29
Via4_122,Via,copper,0,0,0.28,0.14,0.14,0.29
Via4_128,Via,copper,-1.96,-1.68,0.28,0.14,0.14,0.29
Via4_137,Via,copper,-1.96,-1.12,0.28,0.14,0.14,0.29
Via4_140,Via,copper,-1.96,-0.84,0.28,0.14,0.14,0.29
Via4_144,Via,copper,-1.96,-2.22045e-16,0.28,0.14,0.14,0.29
Via4_165,Via,copper,-1.68,-1.96,0.28,0.14,0.14,0.29
Via4_179,Via,copper,-1.68,-0.84,0.28,0.14,0.14,0.29
Via4_180,Via,copper,-1.68,-0.84,0.28,0.14,0.14,0.29
Via4_190,Via,copper,-1.68,0.56,0.28,0.14,0.14,0.29
Via4_191,Via,copper,-1.68,0.56,0.28,0.14,0.14,0.29
Via4_214,Via,copper,-1.68,-1.4,0.28,0.14,0.14,0.29
Via4_215,Via,copper,-1.68,-1.4,0.28,0.14,0.14,0.29
Via4_233,Via,copper,-1.68,0.84,0.28,0.14,0.14,0.29
Via4_247,Via,copper,-1.68,-1.96,0.28,0.14,0.14,0.29
Via4_261,Via,copper,-1.68,-0.84,0.28,0.14,0.14,0.29
Via4_262,Via,copper,-1.68,-0.84,0.28,0.14,0.14,0.29
Via4_268,Via,copper,-1.68,0.28,0.28,0.14,0.14,0.29
Via4_280,Via,copper,0,0,0.28,0.14,0.14,0.29
Via4_299,Via,copper,-1.68,-1.12,0.28,0.14,0.14,0.29
Via4_301,Via,copper,-1.68,-1.12,0.28,0.14,0.14,0.29
Via4_310,Via,copper,-1.68,0.28,0.28,0.14,0.14,0.29
Via4_325,Via,copper,0,0,0.28,0.14,0.14,0.29
Via4_340,Via,copper,-1.68,-1.12,0.28,0.14,0.14,0.29
Via4_363,Via,copper,0,0,0.28,0.14,0.14,0.29
Via4_374,Via,copper,-1.4,-1.68,0.28,0.14,0.14,0.29
Via4_384,Via,copper,-1.4,-0.84,0.28,0.14,0.14,0.29
Via4_387,Via,copper,-1.4,-0.56,0.28,0.14,0.14,0.29
Via4_403,Via,copper,0,0,0.28,0.14,0.14,0.29
Via4_409,Via,copper,0,0,0.28,0.14,0.14,0.29
Via4_419,Via,copper,-1.12,-1.4,0.28,0.14,0.14,0.29
Via4_430,Via,copper,-1.12,-0.28,0.28,0.14,0.14,0.29
Via4_465,Via,copper,-1.12,-1.12,0.28,0.14,0.14,0.29
Via4_472,Via,copper,-1.12,-2.22045e-16,0.28,0.14,0.14,0.29
Via4_477,Via,copper,-1.12,0.56,0.28,0.14,0.14,0.29
Via4_492,Via,copper,0,0,0.28,0.14,0.14,0.29
Via4_495,Via,copper,-0.84,-1.96,0.28,0.14,0.14,0.29
Via4_512,Via,copper,-0.84,-0.28,0.28,0.14,0.14,0.29
Via4_525,Via,copper,0,0,0.28,0.14,0.14,0.29
Via4_535,Via,copper,-0.84,-1.96,0.28,0.14,0.14,0.29
Via4_537,Via,copper,-0.84,-1.96,0.28,0.14,0.14,0.29
Via4_542,Via,copper,-0.84,-1.4,0.28,0.14,0.14,0.29
Via4_562,Via,copper,-0.84,1.12,0.28,0.14,0.14,0.29
Via4_595,Via,copper,-0.84,-2.22045e-16,0.28,0.14,0.14,0.29
Via4_596,Via,copper,-0.84,0.28,0.28,0.14,0.14,0.29
Via4_601,Via,copper,-0.84,0.56,0.28,0.14,0.14,0.29
Via4_602,Via,copper,-0.84,0.84,0.28,0.14,0.14,0.29
Via4_606,Via,copper,0,0,0.28,0.14,0.14,0.29
Via4_611,Via,copper,0,0,0.28,0.14,0.14,0.29
Via4_636,Via,copper,-0.56,-2.22045e-16,0.28,0.14,0.14,0.29
Via4_641,Via,copper,-0.56,0.56,0.28,0.14,0.14,0.29
Via4_650,Via,copper,0,0,0.28,0.14,0.14,0.29
Via4_671,Via,copper,-0.56,-0.84,0.28,0.14,0.14,0.29
Via4_678,Via,copper,-0.56,0.28,0.28,0.14,0.14,0.29
Via4_689,Via,copper,0,0,0.28,0.14,0.14,0.29
Via4_710,Via,copper,-0.56,-1.12,0.28,0.14,0.14,0.29
Via4_711,Via,copper,-0.56,-1.12,0.28,0.14,0.14,0.29
Via4_724,Via,copper,-0.56,0.56,0.28,0.14,0.14,0.29
Via4_734,Via,copper,0,0,0.28,0.14,0.14,0.29
Via4_741,Via,copper,-0.28,-1.96,0.28,0.14,0.14,0.29
Via4_742,Via,copper,-0.28,-1.96,0.28,0.14,0.14,0.29
Via4_764,Via,copper,-0.28,0.56,0.28,0.14,0.14,0.29
Via4_770,Via,copper,0,0,0.28,0.14,0.14,0.29
Via4_784,Via,copper,-0.28,-1.68,0.28,0.14,0.14,0.29
Via4_797,Via,copper,-0.28,-0.56,0.28,0.14,0.14,0.29
Via4_801,Via,copper,-0.28,0.28,0.28,0.14,0.14,0.29
Via4_807,Via,copper,-0.28,0.84,0.28,0.14,0.14,0.29
Via4_821,Via,copper,-0.28,-1.96,0.28,0.14,0.14,0.29
Via4_836,Via,copper,-0.28,-0.84,0.28,0.14,0.14,0.29
Via4_854,Via,copper,0,0,0.28,0.14,0.14,0.29
Via4_860,Via,copper,0,0,0.28,0.14,0.14,0.29
Via4_872,Via,copper,-2.22045e-16,-1.12,0.28,0.14,0.14,0.29
Via4_880,Via,copper,-2.22045e-16,-0.28,0.28,0.14,0.14,0.29
Via4_882,Via,copper,-2.22045e-16,-2.22045e-16,0.28,0.14,0.14,0.29
Via4_889,Via,copper,-2.22045e-16,0.84,0.28,0.14,0.14,0.29
Via4_896,Via,copper,0,0,0.28,0.14,0.14,0.29
Via4_898,Via,copper,0,0,0.28,0.14,0.14,0.29
Via4_907,Via,copper,-2.22045e-16,-1.68,0.28,0.14,0.14,0.29
Via4_914,Via,copper,-2.22045e-16,-1.12,0.28,0.14,0.14,0.29
Via4_933,Via,copper,-2.22045e-16,1.68,0.28,0.14,0.14,0.29
Via4_945,Via,copper,-2.22045e-16,-1.96,0.28,0.14,0.14,0.29
Via4_954,Via,copper,-2.22045e-16,-1.12,0.28,0.14,0.14,0.29
Via4_963,Via,copper,-2.22045e-16,-0.28,0.28,0.14,0.14,0.29
Via4_968,Via,copper,-2.22045e-16,0.56,0.28,0.14,0.14,0.29
Via4_981,Via,copper,0,0,0.28,0.14,0.14,0.29
Via4_986,Via,copper,-2.22045e-16,-1.96,0.28,0.14,0.14,0.29
Via4_992,Via,copper,-2.22045e-16,-1.68,0.28,0.14,0.14,0.29
Via4_1022,Via,copper,0,0,0.28,0.14,0.14,0.29
Via4_1028,Via,copper,0.28,-1.96,0.28,0.14,0.14,0.29
Via4_1031,Via,copper,0.28,-1.68,0.28,0.14,0.14,0.29
Via4_1038,Via,copper,0.28,-1.12,0.28,0.14,0.14,0.29
Via4_1052,Via,copper,0.28,0.56,0.28,0.14,0.14,0.29
Via4_1098,Via,copper,0,0,0.28,0.14,0.14,0.29
Via4_1099,Via,copper,0,0,0.28,0.14,0.14,0.29
Via4_1109,Via,copper,0.28,-1.96,0.28,0.14,0.14,0.29
Via4_1121,Via,copper,0.28,-1.12,0.28,0.14,0.14,0.29
Via4_1128,Via,copper,0.28,-2.22045e-16,0.28,0.14,0.14,0.29
Via4_1144,Via,copper,0,0,0.28,0.14,0.14,0.29
Via4_1151,Via,copper,0.28,-1.96,0.28,0.14,0.14,0.29
Via4_1183,Via,copper,0,0,0.28,0.14,0.14,0.29
Via4_1190,Via,copper,0.56,-1.96,0.28,0.14,0.14,0.29
Via4_1207,Via,copper,0.56,-0.56,0.28,0.14,0.14,0.29
Via4_1233,Via,copper,0.84,-1.96,0.28,0.14,0.14,0.29
Via4_1245,Via,copper,0.84,-0.84,0.28,0.14,0.14,0.29
Via4_1251,Via,copper,0.84,-2.22045e-16,0.28,0.14,0.14,0.29
Via4_1255,Via,copper,0.84,0.56,0.28,0.14,0.14,0.29
Via4_1258,Via,copper,0.84,0.84,0.28,0.14,0.14,0.29
Via4_1261,Via,copper,0.84,1.68,0.28,0.14,0.14,0.29
Via4_1264,Via,copper,0,0,0.28,0.14,0.14,0.29
Via4_1277,Via,copper,1.12,-1.68,0.28,0.14,0.14,0.29
Via4_1282,Via,copper,1.12,-1.12,0.28,0.14,0.14,0.29
Via4_1283,Via,copper,1.12,-1.12,0.28,0.14,0.14,0.29
Via4_1295,Via,copper,1.12,0.28,0.28,0.14,0.14,0.29
Via4_1314,Via,copper,1.12,-1.96,0.28,0.14,0.14,0.29
Via4_1316,Via,copper,1.12,-1.96,0.28,0.14,0.14,0.29
Via4_1333,Via,copper,1.12,-2.22045e-16,0.28,0.14,0.14,0.29
Via4_1337,Via,copper,1.12,0.56,0.28,0.14,0.14,0.29
Via4_1366,Via,copper,1.12,-1.12,0.28,0.14,0.14,0.29
Via4_1373,Via,copper,1.12,-0.28,0.28,0.14,0.14,0.29
Via4_1374,Via,copper,1.12,-2.22045e-16,0.28,0.14,0.14,0.29
Via4_1375,Via,copper,1.12,0.28,0.28,0.14,0.14,0.29
Via4_1378,Via,copper,1.12,0.56,0.28,0.14,0.14,0.29
Via4_1400,Via,copper,1.12,-1.68,0.28,0.14,0.14,0.29
Via4_1401,Via,copper,1.12,-1.68,0.28,0.14,0.14,0.29
Via4_1405,Via,copper,1.12,-1.12,0.28,0.14,0.14,0.29
Via4_1425,Via,copper,1.12,1.68,0.28,0.14,0.14,0.29
Via4_1428,Via,copper,0,0,0.28,0.14,0.14,0.29
Via4_1431,Via,copper,0,0,0.28,0.14,0.14,0.29
Via4_1432,Via,copper,0,0,0.28,0.14,0.14,0.29
Via4_1455,Via,copper,1.4,-0.28,0.28,0.14,0.14,0.29
Via4_1465,Via,copper,1.4,1.4,0.28,0.14,0.14,0.29
Via4_1485,Via,copper,1.4,-1.4,0.28,0.14,0.14,0.29
Via4_1493,Via,copper,1.4,-0.84,0.28,0.14,0.14,0.29
Via4_1496,Via,copper,1.4,-0.28,0.28,0.14,0.14,0.29
Via4_1502,Via,copper,1.4,0.56,0.28,0.14,0.14,0.29
Via4_1507,Via,copper,1.4,1.68,0.28,0.14,0.14,0.29
Via4_1513,Via,copper,0,0,0.28,0.14,0.14,0.29
Via4_1519,Via,copper,1.4,-1.96,0.28,0.14,0.14,0.29
Via4_1538,Via,copper,1.4,-2.22045e-16,0.28,0.14,0.14,0.29
Via4_1542,Via,copper,1.4,0.56,0.28,0.14,0.14,0.29
Via4_1558,Via,copper,0,0,0.28,0.14,0.14,0.29
Via4_1572,Via,copper,1.4,-1.12,0.28,0.14,0.14,0.29
Via4_1576,Via,copper,1.4,-0.56,0.28,0.14,0.14,0.29
Via4_1580,Via,copper,1.4,0.28,0.28,0.14,0.14,0.29
Via4_1581,Via,copper,1.4,0.28,0.28,0.14,0.14,0.29
Via4_1590,Via,copper,0,0,0.28,0.14,0.14,0.29
Via4_1592,Via,copper,0,0,0.28,0.14,0.14,0.29
Via4_1598,Via,copper,0,0,0.28,0.14,0.14,0.29
Via4_1605,Via,copper,1.68,-1.68,0.28,0.14,0.14,0.29
Via4_1617,Via,copper,1.68,-0.56,0.28,0.14,0.14,0.29
Via4_1644,Via,copper,1.68,-1.96,0.28,0.14,0.14,0.29
Via4_1650,Via,copper,1.68,-1.4,0.28,0.14,0.14,0.29
Via4_1655,Via,copper,1.68,-0.84,0.28,0.14,0.14,0.29
Via4_1661,Via,copper,1.68,-2.22045e-16,0.28,0.14,0.14,0.29
Via4_1662,Via,copper,1.68,0.28,0.28,0.14,0.14,0.29
Via5_16,Via,copper,-1.96,-0.28,0.85,0.14,0.14,0.29
Via5_21,Via,copper,-1.96,-2.22045e-16,0.85,0.14,0.14,0.29
Via5_30,Via,copper,-1.96,1.12,0.85,0.14,0.14,0.29
Via5_31,Via,copper,-1.96,1.12,0.85,0.14,0.14,0.29
Via5_35,Via,copper,-1.96,-1.68,0.85,0.14,0.14,0.29
Via5_47,Via,copper,-1.96,-0.28,0.85,0.14,0.14,0.29
Via5_62,Via,copper,-1.96,1.12,0.85,0.14,0.14,0.29
Via5_92,Via,copper,-1.96,1.12,0.85,0.14,0.14,0.29
Via5_97,Via,copper,-1.96,-1.68,0.85,0.14,0.14,0.29
Via5_112,Via,copper,-1.96,-2.22045e-16,0.85,0.14,0.14,0.29
Via5_113,Via,copper,-1.96,-2.22045e-16,0.85,0.14,0.14,0.29
Via5_115,Via,copper,-1.96,-2.22045e-16,0.85,0.14,0.14,0.29
Via5_117,Via,copper,-1.96,0.28,0.85,0.14,0.14,0.29
Via5_125,Via,copper,-1.68,-1.96,0.85,0.14,0.14,0.29
Via5_129,Via,copper,-1.68,-1.4,0.85,0.14,0.14,0.29
Via5_132,Via,copper,-1.68,-1.12,0.85,0.14,0.14,0.29
Via5_146,Via,copper,-1.68,-2.22045e-16,0.85,0.14,0.14,0.29
Via5_150,Via,copper,-1.68,0.56,0.85,0.14,0.14,0.29
Via5_157,Via,copper,-1.68,-1.68,0.85,0.14,0.14,0.29
Via5_174,Via,copper,-1.68,-2.22045e-16,0.85,0.14,0.14,0.29
Via5_202,Via,copper,-1.68,-0.28,0.85,0.14,0.14,0.29
Via5_210,Via,copper,-1.68,0.28,0.85,0.14,0.14,0.29
Via5_228,Via,copper,-1.68,-0.84,0.85,0.14,0.14,0.29
Via5_231,Via,copper,-1.68,-0.56,0.85,0.14,0.14,0.29
Via5_241,Via,copper,-1.68,0.28,0.85,0.14,0.14,0.29
Via5_248,Via,copper,-1.68,1.12,0.85,0.14,0.14,0.29
Via5_274,Via,copper,-1.4,0.56,0.85,0.14,0.14,0.29
Via5_288,Via,copper,-1.4,-1.12,0.85,0.14,0.14,0.29
Via5_303,Via,copper,-1.4,0.28,0.85,0.14,0.14,0.29
Via5_322,Via,copper,-1.12,-0.56,0.85,0.14,0.14,0.29
Via5_334,Via,copper,-1.12,0.28,0.85,0.14,0.14,0.29
Via5_355,Via,copper,-1.12,-0.56,0.85,0.14,0.14,0.29
Via5_359,Via,copper,-1.12,-2.22045e-16,0.85,0.14,0.14,0.29
Via5_369,Via,copper,-1.12,0.84,0.85,0.14,0.14,0.29
Via5_395,Via,copper,-1.12,0.28,0.85,0.14,0.14,0.29
Via5_396,Via,copper,-1.12,0.28,0.85,0.14,0.14,0.29
Via5_402,Via,copper,-1.12,1.12,0.85,0.14,0.14,0.29
Via5_429,Via,copper,-1.12,0.56,0.85,0.14,0.14,0.29
Via5_442,Via,copper,-0.84,-1.12,0.85,0.14,0.14,0.29
Via5_446,Via,copper,-0.84,-0.56,0.85,0.14,0.14,0.29
Via5_456,Via,copper,-0.84,-2.22045e-16,0.85,0.14,0.14,0.29
Via5_458,Via,copper,-0.84,0.28,0.85,0.14,0.14,0.29
Via5_459,Via,copper,-0.84,0.28,0.85,0.14,0.14,0.29
Via5_482,Via,copper,-0.84,-2.22045e-16,0.85,0.14,0.14,0.29
Via5_523,Via,copper,-0.84,0.84,0.85,0.14,0.14,0.29
Via5_526,Via,copper,-0.84,1.12,0.85,0.14,0.14,0.29
Via5_527,Via,copper,-0.84,1.12,0.85,0.14,0.14,0.29
Via5_556,Via,copper,-0.56,1.12,0.85,0.14,0.14,0.29
Via5_562,Via,copper,-0.28,-1.68,0.85,0.14,0.14,0.29
Via5_579,Via,copper,-0.28,-2.22045e-16,0.85,0.14,0.14,0.29
Via5_580,Via,copper,-0.28,-2.22045e-16,0.85,0.14,0.14,0.29
Via5_591,Via,copper,-0.28,-1.68,0.85,0.14,0.14,0.29
Via5_596,Via,copper,-0.28,-1.12,0.85,0.14,0.14,0.29
Via5_613,Via,copper,-0.28,0.28,0.85,0.14,0.14,0.29
Via5_622,Via,copper,-2.22045e-16,-1.68,0.85,0.14,0.14,0.29
Via5_645,Via,copper,-2.22045e-16,0.28,0.85,0.14,0.14,0.29
Via5_648,Via,copper,-2.22045e-16,0.84,0.85,0.14,0.14,0.29
Via5_653,Via,copper,0.28,-1.68,0.85,0.14,0.14,0.29
Via5_655,Via,copper,0.28,-1.68,0.85,0.14,0.14,0.29
Via5_667,Via,copper,0.28,-0.28,0.85,0.14,0.14,0.29
Via5_679,Via,copper,0.28,0.84,0.85,0.14,0.14,0.29
Via5_680,Via,copper,0.28,1.12,0.85,0.14,0.14,0.29
Via5_711,Via,copper,0.28,1.12,0.85,0.14,0.14,0.29
Via5_724,Via,copper,0.28,-0.84,0.85,0.14,0.14,0.29
Via5_733,Via,copper,0.28,-2.22045e-16,0.85,0.14,0.14,0.29
Via5_755,Via,copper,0.56,-0.84,0.85,0.14,0.14,0.29
Via5_762,Via,copper,0.56,-2.22045e-16,0.85,0.14,0.14,0.29
Via5_767,Via,copper,0.56,0.28,0.85,0.14,0.14,0.29
Via5_796,Via,copper,0.56,-2.22045e-16,0.85,0.14,0.14,0.29
Via5_800,Via,copper,0.56,0.28,0.85,0.14,0.14,0.29
Via5_810,Via,copper,0.56,-1.68,0.85,0.14,0.14,0.29
Via5_831,Via,copper,0.56,0.28,0.85,0.14,0.14,0.29
Via5_833,Via,copper,0.56,0.84,0.85,0.14,0.14,0.29
Via5_835,Via,copper,0.56,1.12,0.85,0.14,0.14,0.29
Via5_847,Via,copper,0.84,-1.12,0.85,0.14,0.14,0.29
Via5_850,Via,copper,0.84,-0.56,0.85,0.14,0.14,0.29
Via5_852,Via,copper,0.84,-0.28,0.85,0.14,0.14,0.29
Via5_882,Via,copper,1.12,-0.56,0.85,0.14,0.14,0.29
Via5_910,Via,copper,1.4,-0.84,0.85,0.14,0.14,0.29
Via5_920,Via,copper,1.4,-2.22045e-16,0.85,0.14,0.14,0.29
Via5_923,Via,copper,1.4,0.28,0.85,0.14,0.14,0.29
Via5_930,Via,copper,1.4,1.12,0.85,0.14,0.14,0.29
Via5_948,Via,copper,1.68,-2.22045e-16,0.85,0.14,0.14,0.29
Via5_972,Via,copper,-2.22045e-16,1.12,0.85,0.14,0.14,0.29
Via5_978,Via,copper,0,0,0.85,0.14,0.14,0.29
Via5_981,Via,copper,0,0,0.85,0.14,0.14,0.29
Via5_990,Via,copper,-2.22045e-16,-1.68,0.85,0.14,0.14,0.29
Via5_994,Via,copper,-2.22045e-16,-1.4,0.85,0.14,0.14,0.29
Via5_1005,Via,copper,-2.22045e-16,-2.22045e-16,0.85,0.14,0.14,0.29
Via5_1037,Via,copper,0.28,-1.12,0.85,0.14,0.14,0.29
Via5_1042,Via,copper,0.28,-0.84,0.85,0.14,0.14,0.29
Via5_1047,Via,copper,0.28,0.28,0.85,0.14,0.14,0.29
Via5_1057,Via,copper,0,0,0.85,0.14,0.14,0.29
Via5_1070,Via,copper,0.28,-1.96,0.85,0.14,0.14,0.29
Via5_1075,Via,copper,0.28,-1.4,0.85,0.14,0.14,0.29
Via5_1091,Via,copper,0.28,0.56,0.85,0.14,0.14,0.29
Via5_1098,Via,copper,0,0,0.85,0.14,0.14,0.29
Via5_1121,Via,copper,0.28,-1.12,0.85,0.14,0.14,0.29
Via5_1132,Via,copper,0.28,0.56,0.85,0.14,0.14,0.29
Via5_1146,Via,copper,0,0,0.85,0.14,0.14,0.29
Via5_1148,Via,copper,0,0,0.85,0.14,0.14,0.29
Via5_1154,Via,copper,0.28,-1.68,0.85,0.14,0.14,0.29
Via5_1156,Via,copper,0.28,-1.68,0.85,0.14,0.14,0.29
Via5_1169,Via,copper,0.28,-2.22045e-16,0.85,0.14,0.14,0.29
Via5_1175,Via,copper,0.28,0.56,0.85,0.14,0.14,0.29
Via5_1193,Via,copper,0.56,-1.96,0.85,0.14,0.14,0.29
Via5_1204,Via,copper,0.56,-0.84,0.85,0.14,0.14,0.29
Via5_1213,Via,copper,0.56,0.28,0.85,0.14,0.14,0.29
Via5_1223,Via,copper,0,0,0.85,0.14,0.14,0.29
Via5_1232,Via,copper,0.84,-1.96,0.85,0.14,0.14,0.29
Via5_1234,Via,copper,0.84,-1.96,0.85,0.14,0.14,0.29
Via5_1243,Via,copper,0.84,-1.12,0.85,0.14,0.14,0.29
Via5_1248,Via,copper,0.84,-0.56,0.85,0.14,0.14,0.29
Via5_1250,Via,copper,0.84,-0.28,0.85,0.14,0.14,0.29
Via5_1260,Via,copper,0.84,1.4,0.85,0.14,0.14,0.29
Via5_1261,Via,copper,0.84,1.68,0.85,0.14,0.14,0.29
Via5_1266,Via,copper,0,0,0.85,0.14,0.14,0.29
Via5_1303,Via,copper,0,0,0.85,0.14,0.14,0.29
Via5_1305,Via,copper,0,0,0.85,0.14,0.14,0.29
Via5_1315,Via,copper,1.12,-1.96,0.85,0.14,0.14,0.29
Via5_1322,Via,copper,1.12,-1.4,0.85,0.14,0.14,0.29
Via5_1325,Via,copper,1.12,-1.12,0.85,0.14,0.14,0.29
Via5_1329,Via,copper,1.12,-0.84,0.85,0.14,0.14,0.29
Via5_1345,Via,copper,0,0,0.85,0.14,0.14,0.29
Via5_1356,Via,copper,1.12,-1.96,0.85,0.14,0.14,0.29
Via5_1383,Via,copper,1.12,1.4,0.85,0.14,0.14,0.29
Via5_1391,Via,copper,0,0,0.85,0.14,0.14,0.29
Via5_1408,Via,copper,1.12,-1.12,0.85,0.14,0.14,0.29
Via5_1411,Via,copper,1.12,-0.84,0.85,0.14,0.14,0.29
Via5_1416,Via,copper,1.12,0.28,0.85,0.14,0.14,0.29
Via5_1417,Via,copper,1.12,0.28,0.85,0.14,0.14,0.29
Via5_1440,Via,copper,1.4,-1.68,0.85,0.14,0.14,0.29
Via5_1506,Via,copper,1.4,1.4,0.85,0.14,0.14,0.29
Via5_1508,Via,copper,0,0,0.85,0.14,0.14,0.29
Via5_1511,Via,copper,0,0,0.85,0.14,0.14,0.29
Via5_1521,Via,copper,1.4,-1.96,0.85,0.14,0.14,0.29
Via5_1524,Via,copper,1.4,-1.68,0.85,0.14,0.14,0.29
Via5_1527,Via,copper,1.4,-1.4,0.85,0.14,0.14,0.29
Via5_1531,Via,copper,1.4,-1.12,0.85,0.14,0.14,0.29
Via5_1549,Via,copper,0,0,0.85,0.14,0.14,0.29
Via5_1563,Via,copper,1.4,-1.68,0.85,0.14,0.14,0.29
Via5_1584,Via,copper,1.4,0.56,0.85,0.14,0.14,0.29
Via5_1589,Via,copper,1.4,1.68,0.85,0.14,0.14,0.29
Via5_1591,Via,copper,0,0,0.85,0.14,0.14,0.29
Via5_1618,Via,copper,1.68,-0.28,0.85,0.14,0.14,0.29
Via5_1622,Via,copper,1.68,0.28,0.85,0.14,0.14,0.29
Via5_1634,Via,copper,0,0,0.85,0.14,0.14,0.29
Via5_1659,Via,copper,1.68,-0.28,0.85,0.14,0.14,0.29
Via5_1660,Via,copper,1.68,-0.28,0.85,0.14,0.14,0.29
Via5_1665,Via,copper,1.68,0.56,0.85,0.14,0.14,0.29
Via6_2,Via,copper,-1.96,-1.96,1.42,0.14,0.14,0.29
Via6_4,Via,copper,-1.96,-1.96,1.42,0.14,0.14,0.29
Via6_5,Via,copper,-1.96,-1.68,1.42,0.14,0.14,0.29
Via6_9,Via,copper,-1.96,-1.4,1.42,0.14,0.14,0.29
Via6_13,Via,copper,-1.96,-1.12,1.42,0.14,0.14,0.29
Via6_14,Via,copper,-1.96,-1.12,1.42,0.14,0.14,0.29
Via6_20,Via,copper,-1.96,-0.28,1.42,0.14,0.14,0.29
Via6_24,Via,copper,-1.96,-2.22045e-16,1.42,0.14,0.14,0.29
Via6_25,Via,copper,-1.96,-2.22045e-16,1.42,0.14,0.14,0.29
Via6_26,Via,copper,-1.96,-2.22045e-16,1.42,0.14,0.14,0.29
Via6_27,Via,copper,-1.96,-2.22045e-16,1.42,0.14,0.14,0.29
Via6_62,Via,copper,-1.68,-2.22045e-16,1.42,0.14,0.14,0.29
Via6_63,Via,copper,-1.68,-2.22045e-16,1.42,0.14,0.14,0.29
Via6_68,Via,copper,-1.68,0.28,1.42,0.14,0.14,0.29
Via6_84,Via,copper,-1.68,-1.68,1.42,0.14,0.14,0.29
Via6_124,Via,copper,-1.68,-1.4,1.42,0.14,0.14,0.29
Via6_153,Via,copper,-1.4,-1.96,1.42,0.14,0.14,0.29
Via6_159,Via,copper,-1.4,-1.68,1.42,0.14,0.14,0.29
Via6_173,Via,copper,-1.4,-0.28,1.42,0.14,0.14,0.29
Via6_202,Via,copper,-1.4,-1.12,1.42,0.14,0.14,0.29
Via6_207,Via,copper,-1.4,-0.56,1.42,0.14,0.14,0.29
Via6_209,Via,copper,-1.4,-0.56,1.42,0.14,0.14,0.29
Via6_236,Via,copper,-1.12,-1.68,1.42,0.14,0.14,0.29
Via6_243,Via,copper,-1.12,-1.12,1.42,0.14,0.14,0.29
Via6_261,Via,copper,-1.12,0.56,1.42,0.14,0.14,0.29
Via6_268,Via,copper,-1.12,-1.96,1.42,0.14,0.14,0.29
Via6_274,Via,copper,-1.12,-1.68,1.42,0.14,0.14,0.29
Via6_280,Via,copper,-1.12,-1.12,1.42,0.14,0.14,0.29
Via6_286,Via,copper,-1.12,-0.28,1.42,0.14,0.14,0.29
Via6_293,Via,copper,-1.12,-2.22045e-16,1.42,0.14,0.14,0.29
Via6_329,Via,copper,-1.12,-2.22045e-16,1.42,0.14,0.14,0.29
Via6_337,Via,copper,-1.12,0.56,1.42,0.14,0.14,0.29
Via6_352,Via,copper,-1.12,-1.4,1.42,0.14,0.14,0.29
Via6_365,Via,copper,-1.12,-0.28,1.42,0.14,0.14,0.29
Via6_377,Via,copper,-1.12,0.84,1.42,0.14,0.14,0.29
Via6_379,Via,copper,-1.12,1.12,1.42,0.14,0.14,0.29
Via6_382,Via,copper,-0.84,-1.96,1.42,0.14,0.14,0.29
Via6_383,Via,copper,-0.84,-1.96,1.42,0.14,0.14,0.29
Via6_395,Via,copper,-0.84,-1.12,1.42,0.14,0.14,0.29
Via6_414,Via,copper,-0.84,0.84,1.42,0.14,0.14,0.29
Via6_415,Via,copper,-0.84,0.84,1.42,0.14,0.14,0.29
Via6_427,Via,copper,-0.56,-1.4,1.42,0.14,0.14,0.29
Via6_438,Via,copper,-0.56,-0.28,1.42,0.14,0.14,0.29
Via6_440,Via,copper,-0.56,-0.28,1.42,0.14,0.14,0.29
Via6_445,Via,copper,-0.56,-2.22045e-16,1.42,0.14,0.14,0.29
Via6_457,Via,copper,-0.56,-1.96,1.42,0.14,0.14,0.29
Via6_476,Via,copper,-0.56,-0.28,1.42,0.14,0.14,0.29
Via6_477,Via,copper,-0.56,-0.28,1.42,0.14,0.14,0.29
Via6_489,Via,copper,-0.56,0.56,1.42,0.14,0.14,0.29
Via6_490,Via,copper,-0.56,0.84,1.42,0.14,0.14,0.29
Via6_492,Via,copper,-0.56,1.12,1.42,0.14,0.14,0.29
Via6_507,Via,copper,-0.56,-1.12,1.42,0.14,0.14,0.29
Via6_508,Via,copper,-0.56,-1.12,1.42,0.14,0.14,0.29
Via6_551,Via,copper,-0.28,-0.56,1.42,0.14,0.14,0.29
Via6_588,Via,copper,-0.28,-0.56,1.42,0.14,0.14,0.29
Via6_614,Via,copper,-2.22045e-16,-1.68,1.42,0.14,0.14,0.29
Via6_621,Via,copper,-2.22045e-16,-1.12,1.42,0.14,0.14,0.29
Via6_630,Via,copper,-2.22045e-16,-0.28,1.42,0.14,0.14,0.29
Via6_634,Via,copper,-2.22045e-16,-2.22045e-16,1.42,0.14,0.14,0.29
Via6_638,Via,copper,-2.22045e-16,0.28,1.42,0.14,0.14,0.29
Via6_658,Via,copper,-2.22045e-16,-1.12,1.42,0.14,0.14,0.29
Via6_659,Via,copper,-2.22045e-16,-1.12,1.42,0.14,0.14,0.29
Via6_663,Via,copper,-2.22045e-16,-0.56,1.42,0.14,0.14,0.29
Via6_671,Via,copper,-2.22045e-16,-2.22045e-16,1.42,0.14,0.14,0.29
Via6_673,Via,copper,-2.22045e-16,-2.22045e-16,1.42,0.14,0.14,0.29
Via6_679,Via,copper,-2.22045e-16,0.56,1.42,0.14,0.14,0.29
Via6_707,Via,copper,-2.22045e-16,-0.28,1.42,0.14,0.14,0.29
Via6_716,Via,copper,-2.22045e-16,0.56,1.42,0.14,0.14,0.29
Via6_723,Via,copper,-2.22045e-16,-1.96,1.42,0.14,0.14,0.29
Via6_745,Via,copper,-2.22045e-16,-0.28,1.42,0.14,0.14,0.29
Via6_748,Via,copper,-2.22045e-16,-2.22045e-16,1.42,0.14,0.14,0.29
Via6_769,Via,copper,-2.22045e-16,-1.4,1.42,0.14,0.14,0.29
Via6_773,Via,copper,-2.22045e-16,-1.12,1.42,0.14,0.14,0.29
Via6_787,Via,copper,-2.22045e-16,-2.22045e-16,1.42,0.14,0.14,0.29
Via6_799,Via,copper,-2.22045e-16,-1.96,1.42,0.14,0.14,0.29
Via6_811,Via,copper,-2.22045e-16,-1.12,1.42,0.14,0.14,0.29
Via6_823,Via,copper,-2.22045e-16,-2.22045e-16,1.42,0.14,0.14,0.29
Via6_826,Via,copper,-2.22045e-16,0.28,1.42,0.14,0.14,0.29
Via6_839,Via,copper,0.28,-1.96,1.42,0.14,0.14,0.29
Via6_843,Via,copper,0.28,-1.68,1.42,0.14,0.14,0.29
Via6_845,Via,copper,0.28,-1.4,1.42,0.14,0.14,0.29
Via6_848,Via,copper,0.28,-1.12,1.42,0.14,0.14,0.29
Via6_866,Via,copper,0.28,0.28,1.42,0.14,0.14,0.29
Via6_869,Via,copper,0.28,0.56,1.42,0.14,0.14,0.29
Via6_880,Via,copper,0.28,-1.68,1.42,0.14,0.14,0.29
Via6_884,Via,copper,0.28,-1.4,1.42,0.14,0.14,0.29
Via6_893,Via,copper,0.28,-0.56,1.42,0.14,0.14,0.29
Via6_898,Via,copper,0.28,-2.22045e-16,1.42,0.14,0.14,0.29
Via6_919,Via,copper,0.28,-1.68,1.42,0.14,0.14,0.29
Via6_923,Via,copper,0.28,-1.4,1.42,0.14,0.14,0.29
Via6_934,Via,copper,0.28,-0.28,1.42,0.14,0.14,0.29
Via6_943,Via,copper,0.28,0.56,1.42,0.14,0.14,0.29
Via6_956,Via,copper,0.56,-1.68,1.42,0.14,0.14,0.29
Via6_969,Via,copper,0.56,-0.56,1.42,0.14,0.14,0.29
Via6_972,Via,copper,0.56,-0.28,1.42,0.14,0.14,0.29
Via6_975,Via,copper,0.56,-2.22045e-16,1.42,0.14,0.14,0.29
Via6_979,Via,copper,0.56,0.28,1.42,0.14,0.14,0.29
Via6_983,Via,copper,0.56,0.56,1.42,0.14,0.14,0.29
Via6_1017,Via,copper,0.84,0.28,1.42,0.14,0.14,0.29
Via6_1037,Via,copper,0.84,-1.4,1.42,0.14,0.14,0.29
Via6_1052,Via,copper,0.84,-2.22045e-16,1.42,0.14,0.14,0.29
Via6_1069,Via,copper,1.12,-1.68,1.42,0.14,0.14,0.29
Via6_1072,Via,copper,1.12,-1.68,1.42,0.14,0.14,0.29
Via6_1073,Via,copper,1.12,-1.4,1.42,0.14,0.14,0.29
Via6_1081,Via,copper,1.12,-0.56,1.42,0.14,0.14,0.29
Via6_1082,Via,copper,1.12,-0.56,1.42,0.14,0.14,0.29
Via6_1091,Via,copper,1.12,-2.22045e-16,1.42,0.14,0.14,0.29
Via6_1097,Via,copper,1.12,0.56,1.42,0.14,0.14,0.29
Via6_1103,Via,copper,1.12,-1.96,1.42,0.14,0.14,0.29
Via6_1105,Via,copper,1.12,-1.96,1.42,0.14,0.14,0.29
Via6_1114,Via,copper,1.12,-1.12,1.42,0.14,0.14,0.29
Via6_1117,Via,copper,1.12,-1.12,1.42,0.14,0.14,0.29
Via6_1119,Via,copper,1.12,-0.56,1.42,0.14,0.14,0.29
Via6_1144,Via,copper,1.12,-1.96,1.42,0.14,0.14,0.29
Via6_1161,Via,copper,1.12,-0.28,1.42,0.14,0.14,0.29
Via6_1175,Via,copper,1.12,0.84,1.42,0.14,0.14,0.29
Via6_1184,Via,copper,1.12,-1.68,1.42,0.14,0.14,0.29
Via6_1188,Via,copper,1.12,-1.4,1.42,0.14,0.14,0.29
Via6_1200,Via,copper,1.12,-0.28,1.42,0.14,0.14,0.29
Via6_1213,Via,copper,1.12,0.84,1.42,0.14,0.14,0.29
Via6_1220,Via,copper,1.12,-1.96,1.42,0.14,0.14,0.29
Via6_1224,Via,copper,1.12,-1.68,1.42,0.14,0.14,0.29
Via6_1228,Via,copper,1.12,-1.12,1.42,0.14,0.14,0.29
Via6_1237,Via,copper,1.12,-0.28,1.42,0.14,0.14,0.29
Via6_1249,Via,copper,1.12,0.56,1.42,0.14,0.14,0.29
Via6_1276,Via,copper,1.4,-0.28,1.42,0.14,0.14,0.29
Via6_1291,Via,copper,1.4,1.12,1.42,0.14,0.14,0.29
Via6_1294,Via,copper,1.4,-1.96,1.42,0.14,0.14,0.29
Via6_1307,Via,copper,1.4,-1.12,1.42,0.14,0.14,0.29
Via6_1317,Via,copper,1.4,-2.22045e-16,1.42,0.14,0.14,0.29
Via6_1323,Via,copper,1.4,0.56,1.42,0.14,0.14,0.29
Via6_1326,Via,copper,1.4,0.84,1.42,0.14,0.14,0.29
Via6_1338,Via,copper,1.68,-1.68,1.42,0.14,0.14,0.29
Via6_1357,Via,copper,1.68,-2.22045e-16,1.42,0.14,0.14,0.29
Via6_1359,Via,copper,1.68,0.28,1.42,0.14,0.14,0.29
Via6_1382,Via,copper,1.68,-1.12,1.42,0.14,0.14,0.29
Via6_1390,Via,copper,1.68,-0.28,1.42,0.14,0.14,0.29
Via6_1397,Via,copper,1.68,0.28,1.42,0.14,0.14,0.29
Via6_1402,Via,copper,1.68,0.84,1.42,0.14,0.14,0.29
Via6_1407,Via,copper,1.68,-1.96,1.42,0.14,0.14,0.29
Via6_1418,Via,copper,1.68,-1.12,1.42,0.14,0.14,0.29
Via6_1426,Via,copper,1.68,-0.28,1.42,0.14,0.14,0.29
Via6_1445,Via,copper,1.68,1.4,1.42,0.14,0.14,0.29
Via6_1463,Via,copper,1.4,0.84,1.42,0.14,0.14,0.29
Via6_1468,Via,copper,0,0,1.42,0.14,0.14,0.29
Via6_1469,Via,copper,0,0,1.42,0.14,0.14,0.29
Via6_1477,Via,copper,1.4,-1.96,1.42,0.14,0.14,0.29
Via6_1486,Via,copper,1.4,-1.4,1.42,0.14,0.14,0.29
Via6_1496,Via,copper,1.4,-0.28,1.42,0.14,0.14,0.29
Via6_1498,Via,copper,1.4,0.28,1.42,0.14,0.14,0.29
Via6_1499,Via,copper,1.4,0.28,1.42,0.14,0.14,0.29
Via6_1510,Via,copper,0,0,1.42,0.14,0.14,0.29
Via6_1520,Via,copper,1.4,-1.96,1.42,0.14,0.14,0.29
Via6_1522,Via,copper,1.4,-1.68,1.42,0.14,0.14,0.29
Via6_1558,Via,copper,0,0,1.42,0.14,0.14,0.29
Via6_1560,Via,copper,1.4,-1.96,1.42,0.14,0.14,0.29
Via6_1584,Via,copper,1.4,0.56,1.42,0.14,0.14,0.29
Via6_1585,Via,copper,1.4,0.56,1.42,0.14,0.14,0.29
Via6_1596,Via,copper,0,0,1.42,0.14,0.14,0.29
Via6_1598,Via,copper,0,0,1.42,0.14,0.14,0.29
Via6_1611,Via,copper,1.68,-1.12,1.42,0.14,0.14,0.29
Via6_1618,Via,copper,1.68,-0.28,1.42,0.14,0.14,0.29
Via6_1631,Via,copper,0,0,1.42,0.14,0.14,0.29
Via6_1633,Via,copper,0,0,1.42,0.14,0.14,0.29
Via6_1634,Via,copper,0,0,1.42,0.14,0.14,0.29
Via6_1637,Via,copper,0,0,1.42,0.14,0.14,0.29
Via6_1641,Via,copper,1.68,-1.96,1.42,0.14,0.14,0.29
Via6_1644,Via,copper,1.68,-1.96,1.42,0.14,0.14,0.29
Via6_1645,Via,copper,1.68,-1.68,1.42,0.14,0.14,0.29
Via7_10,Via,copper,-1.96,-1.4,1.99,0.14,0.14,0.29
Via7_11,Via,copper,-1.96,-1.12,1.99,0.14,0.14,0.29
Via7_15,Via,copper,-1.96,-0.28,1.99,0.14,0.14,0.29
Via7_38,Via,copper,-1.96,1.12,1.99,0.14,0.14,0.29
Via7_59,Via,copper,-1.96,-2.22045e-16,1.99,0.14,0.14,0.29
Via7_62,Via,copper,-1.96,0.28,1.99,0.14,0.14,0.29
Via7_63,Via,copper,-1.96,0.56,1.99,0.14,0.14,0.29
Via7_64,Via,copper,-1.96,0.84,1.99,0.14,0.14,0.29
Via7_65,Via,copper,-1.96,0.84,1.99,0.14,0.14,0.29
Via7_68,Via,copper,-1.96,1.4,1.99,0.14,0.14,0.29
Via7_74,Via,copper,-1.68,1.12,1.99,0.14,0.14,0.29
Via7_83,Via,copper,-1.96,-1.96,1.99,0.14,0.14,0.29
Via7_84,Via,copper,-1.96,-1.96,1.99,0.14,0.14,0.29
Via7_92,Via,copper,-1.96,-1.4,1.99,0.14,0.14,0.29
Via7_105,Via,copper,-1.96,0.84,1.99,0.14,0.14,0.29
Via7_126,Via,copper,-1.96,-1.68,1.99,0.14,0.14,0.29
Via7_133,Via,copper,-1.96,-1.4,1.99,0.14,0.14,0.29
Via7_140,Via,copper,-1.96,-0.28,1.99,0.14,0.14,0.29
Via7_148,Via,copper,-1.96,0.84,1.99,0.14,0.14,0.29
Via7_155,Via,copper,-1.4,-1.96,1.99,0.14,0.14,0.29
Via7_164,Via,copper,-1.4,-1.12,1.99,0.14,0.14,0.29
Via7_175,Via,copper,-1.68,-1.12,1.99,0.14,0.14,0.29
Via7_181,Via,copper,-1.68,-0.28,1.99,0.14,0.14,0.29
Via7_189,Via,copper,-1.68,0.84,1.99,0.14,0.14,0.29
Via7_195,Via,copper,-1.68,1.68,1.99,0.14,0.14,0.29
Via7_205,Via,copper,-1.4,-1.12,1.99,0.14,0.14,0.29
Via7_209,Via,copper,-1.68,-1.68,1.99,0.14,0.14,0.29
Via7_228,Via,copper,-1.68,0.84,1.99,0.14,0.14,0.29
Via7_244,Via,copper,-1.12,-0.84,1.99,0.14,0.14,0.29
Via7_268,Via,copper,-1.68,0.56,1.99,0.14,0.14,0.29
Via7_299,Via,copper,-1.68,-0.84,1.99,0.14,0.14,0.29
Via7_301,Via,copper,-1.68,-0.56,1.99,0.14,0.14,0.29
Via7_309,Via,copper,-1.68,0.56,1.99,0.14,0.14,0.29
Via7_328,Via,copper,-1.12,-2.22045e-16,1.99,0.14,0.14,0.29
Via7_331,Via,copper,-1.4,-1.68,1.99,0.14,0.14,0.29
Via7_332,Via,copper,-1.4,-1.68,1.99,0.14,0.14,0.29
Via7_341,Via,copper,-1.4,-0.84,1.99,0.14,0.14,0.29
Via7_342,Via,copper,-1.4,-0.56,1.99,0.14,0.14,0.29
Via7_344,Via,copper,-1.4,-0.28,1.99,0.14,0.14,0.29
Via7_353,Via,copper,-1.4,0.84,1.99,0.14,0.14,0.29
Via7_364,Via,copper,-1.12,-0.28,1.99,0.14,0.14,0.29
Via7_368,Via,copper,-1.12,-2.22045e-16,1.99,0.14,0.14,0.29
Via7_372,Via,copper,-1.4,-1.68,1.99,0.14,0.14,0.29
Via7_377,Via,copper,-1.4,-1.4,1.99,0.14,0.14,0.29
Via7_379,Via,copper,-1.4,-1.4,1.99,0.14,0.14,0.29
Via7_380,Via,copper,-1.4,-1.12,1.99,0.14,0.14,0.29
Via7_392,Via,copper,-1.4,0.84,1.99,0.14,0.14,0.29
Via7_395,Via,copper,-1.4,1.12,1.99,0.14,0.14,0.29
Via7_396,Via,copper,-1.4,1.4,1.99,0.14,0.14,0.29
Via7_406,Via,copper,-0.84,-2.22045e-16,1.99,0.14,0.14,0.29
Via7_411,Via,copper,-1.4,-1.96,1.99,0.14,0.14,0.29
Via7_419,Via,copper,-1.4,-1.4,1.99,0.14,0.14,0.29
Via7_432,Via,copper,-1.4,0.56,1.99,0.14,0.14,0.29
Via7_437,Via,copper,-1.4,1.4,1.99,0.14,0.14,0.29
Via7_469,Via,copper,-1.12,-2.22045e-16,1.99,0.14,0.14,0.29
Via7_491,Via,copper,-0.56,0.84,1.99,0.14,0.14,0.29
Via7_492,Via,copper,-0.56,1.12,1.99,0.14,0.14,0.29
Via7_501,Via,copper,-1.12,-1.4,1.99,0.14,0.14,0.29
Via7_526,Via,copper,-0.56,0.56,1.99,0.14,0.14,0.29
Via7_530,Via,copper,-0.56,1.12,1.99,0.14,0.14,0.29
Via7_535,Via,copper,-1.12,-1.96,1.99,0.14,0.14,0.29
Via7_542,Via,copper,-1.12,-1.4,1.99,0.14,0.14,0.29
Via7_545,Via,copper,-1.12,-0.84,1.99,0.14,0.14,0.29
Via7_553,Via,copper,-1.12,0.28,1.99,0.14,0.14,0.29
Via7_559,Via,copper,-1.12,1.12,1.99,0.14,0.14,0.29
Via7_562,Via,copper,-1.12,1.68,1.99,0.14,0.14,0.29
Via7_586,Via,copper,-1.12,-0.84,1.99,0.14,0.14,0.29
Via7_599,Via,copper,-1.12,0.84,1.99,0.14,0.14,0.29
Via7_611,Via,copper,-2.22045e-16,-1.96,1.99,0.14,0.14,0.29
Via7_659,Via,copper,-0.56,-1.68,1.99,0.14,0.14,0.29
Via7_660,Via,copper,-0.56,-1.68,1.99,0.14,0.14,0.29
Via7_666,Via,copper,-0.56,-1.4,1.99,0.14,0.14,0.29
Via7_723,Via,copper,-0.56,1.12,1.99,0.14,0.14,0.29
Via7_726,Via,copper,-0.56,1.68,1.99,0.14,0.14,0.29
Via7_753,Via,copper,-0.56,-0.28,1.99,0.14,0.14,0.29
Via7_758,Via,copper,-0.56,0.28,1.99,0.14,0.14,0.29
Via7_763,Via,copper,-0.56,0.84,1.99,0.14,0.14,0.29
Via7_767,Via,copper,-0.56,1.68,1.99,0.14,0.14,0.29
Via7_792,Via,copper,-0.28,-0.84,1.99,0.14,0.14,0.29
Via7_797,Via,copper,-0.28,-2.22045e-16,1.99,0.14,0.14,0.29
Via7_798,Via,copper,-0.28,-2.22045e-16,1.99,0.14,0.14,0.29
Via7_800,Via,copper,-0.28,0.28,1.99,0.14,0.14,0.29
Via7_801,Via,copper,-0.28,0.56,1.99,0.14,0.14,0.29
Via7_831,Via,copper,-0.28,-1.12,1.99,0.14,0.14,0.29
Via7_837,Via,copper,-0.28,-0.28,1.99,0.14,0.14,0.29
Via7_857,Via,copper,0.28,-0.28,1.99,0.14,0.14,0.29
Via7_859,Via,copper,0.28,-0.28,1.99,0.14,0.14,0.29
Via7_872,Via,copper,-0.28,-1.12,1.99,0.14,0.14,0.29
Via7_903,Via,copper,-0.28,-1.96,1.99,0.14,0.14,0.29
Via7_911,Via,copper,-0.28,-1.4,1.99,0.14,0.14,0.29
Via7_921,Via,copper,-0.28,-2.22045e-16,1.99,0.14,0.14,0.29
Via7_930,Via,copper,-0.28,1.4,1.99,0.14,0.14,0.29
Via7_931,Via,copper,-0.28,1.68,1.99,0.14,0.14,0.29
Via7_943,Via,copper,0.28,0.56,1.99,0.14,0.14,0.29
Via7_954,Via,copper,-2.22045e-16,-1.12,1.99,0.14,0.14,0.29
Via7_955,Via,copper,-2.22045e-16,-0.84,1.99,0.14,0.14,0.29
Via7_978,Via,copper,0.56,0.28,1.99,0.14,0.14,0.29
Via7_981,Via,copper,0.56,0.56,1.99,0.14,0.14,0.29
Via7_1009,Via,copper,-2.22045e-16,0.84,1.99,0.14,0.14,0.29
Via7_1014,Via,copper,-2.22045e-16,1.68,1.99,0.14,0.14,0.29
Via7_1018,Via,copper,0.84,0.28,1.99,0.14,0.14,0.29
Via7_1022,Via,copper,0.84,0.84,1.99,0.14,0.14,0.29
Via7_1038,Via,copper,-2.22045e-16,-0.84,1.99,0.14,0.14,0.29
Via7_1039,Via,copper,-2.22045e-16,-0.56,1.99,0.14,0.14,0.29
Via7_1053,Via,copper,-2.22045e-16,1.4,1.99,0.14,0.14,0.29
Via7_1103,Via,copper,1.12,-1.96,1.99,0.14,0.14,0.29
Via7_1109,Via,copper,0.28,-1.96,1.99,0.14,0.14,0.29
Via7_1115,Via,copper,0.28,-1.4,1.99,0.14,0.14,0.29
Via7_1131,Via,copper,0.28,0.84,1.99,0.14,0.14,0.29
Via7_1142,Via,copper,1.12,-1.96,1.99,0.14,0.14,0.29
Via7_1152,Via,copper,0.28,-1.68,1.99,0.14,0.14,0.29
Via7_1154,Via,copper,0.28,-1.4,1.99,0.14,0.14,0.29
Via7_1157,Via,copper,0.28,-1.4,1.99,0.14,0.14,0.29
Via7_1160,Via,copper,0.28,-0.84,1.99,0.14,0.14,0.29
Via7_1186,Via,copper,1.12,-1.68,1.99,0.14,0.14,0.29
Via7_1193,Via,copper,0.28,-1.68,1.99,0.14,0.14,0.29
Via7_1198,Via,copper,0.28,-1.4,1.99,0.14,0.14,0.29
Via7_1199,Via,copper,0.28,-1.4,1.99,0.14,0.14,0.29
Via7_1205,Via,copper,0.28,-0.28,1.99,0.14,0.14,0.29
Via7_1222,Via,copper,1.12,-1.68,1.99,0.14,0.14,0.29
Via7_1262,Via,copper,1.4,-1.68,1.99,0.14,0.14,0.29
Via7_1264,Via,copper,1.4,-1.4,1.99,0.14,0.14,0.29
Via7_1295,Via,copper,0.56,0.84,1.99,0.14,0.14,0.29
Via7_1303,Via,copper,1.4,-1.4,1.99,0.14,0.14,0.29
Via7_1324,Via,copper,0.56,-0.84,1.99,0.14,0.14,0.29
Via7_1350,Via,copper,1.68,-0.28,1.99,0.14,0.14,0.29
Via7_1373,Via,copper,0.84,0.28,1.99,0.14,0.14,0.29
Via7_1382,Via,copper,0.84,1.68,1.99,0.14,0.14,0.29
Via7_1384,Via,copper,0.84,1.68,1.99,0.14,0.14,0.29
Via7_1398,Via,copper,0.84,-1.68,1.99,0.14,0.14,0.29
Via7_1417,Via,copper,0.84,0.84,1.99,0.14,0.14,0.29
Via7_1418,Via,copper,0.84,0.84,1.99,0.14,0.14,0.29
Via7_1427,Via,copper,1.68,-0.28,1.99,0.14,0.14,0.29
Via7_1432,Via,copper,1.68,-2.22045e-16,1.99,0.14,0.14,0.29
Via7_1439,Via,copper,1.12,-1.68,1.99,0.14,0.14,0.29
Via7_1447,Via,copper,1.12,-0.84,1.99,0.14,0.14,0.29
Via7_1458,Via,copper,1.12,0.84,1.99,0.14,0.14,0.29
Via7_1463,Via,copper,1.12,1.4,1.99,0.14,0.14,0.29
Via7_1486,Via,copper,1.12,-1.4,1.99,0.14,0.14,0.29
Via7_1490,Via,copper,1.12,-0.56,1.99,0.14,0.14,0.29
Via7_1493,Via,copper,1.12,-0.28,1.99,0.14,0.14,0.29
Via7_1501,Via,copper,1.12,0.84,1.99,0.14,0.14,0.29
Via7_1515,Via,copper,0,0,1.99,0.14,0.14,0.29
Via7_1518,Via,copper,1.12,-1.96,1.99,0.14,0.14,0.29
Via7_1521,Via,copper,1.12,-1.68,1.99,0.14,0.14,0.29
Via7_1529,Via,copper,1.12,-0.84,1.99,0.14,0.14,0.29
Via7_1533,Via,copper,1.12,-0.28,1.99,0.14,0.14,0.29
Via7_1545,Via,copper,1.12,1.4,1.99,0.14,0.14,0.29
Via7_1547,Via,copper,1.12,1.68,1.99,0.14,0.14,0.29
Via7_1555,Via,copper,0,0,1.99,0.14,0.14,0.29
Via7_1562,Via,copper,1.4,-1.68,1.99,0.14,0.14,0.29
Via7_1564,Via,copper,1.4,-1.4,1.99,0.14,0.14,0.29
Via7_1570,Via,copper,1.4,-0.84,1.99,0.14,0.14,0.29
Via7_1577,Via,copper,1.4,-2.22045e-16,1.99,0.14,0.14,0.29
Via7_1584,Via,copper,1.4,1.12,1.99,0.14,0.14,0.29
Via7_1588,Via,copper,1.4,1.68,1.99,0.14,0.14,0.29
Via7_1609,Via,copper,1.68,-1.4,1.99,0.14,0.14,0.29
Via7_1613,Via,copper,1.68,-0.56,1.99,0.14,0.14,0.29
Via7_1625,Via,copper,1.68,1.12,1.99,0.14,0.14,0.29
Via7_1629,Via,copper,1.68,1.68,1.99,0.14,0.14,0.29
Via7_1634,Via,copper,0,0,1.99,0.14,0.14,0.29
Via7_1642,Via,copper,1.68,-1.96,1.99,0.14,0.14,0.29
Via7_1665,Via,copper,1.68,0.84,1.99,0.14,0.14,0.29
Via7_1669,Via,copper,1.68,1.68,1.99,0.14,0.14,0.29
Via7_1671,Via,copper,1.68,1.68,1.99,0.14,0.14,0.29
Via8_4,Via,copper,-1.96,-1.4,2.56,0.14,0.14,0.29
Via8_5,Via,copper,-1.96,-1.4,2.56,0.14,0.14,0.29
Via8_12,Via,copper,-1.96,-0.84,2.56,0.14,0.14,0.29
Via8_18,Via,copper,-1.96,-0.28,2.56,0.14,0.14,0.29
Via8_24,Via,copper,-1.96,0.28,2.56,0.14,0.14,0.29
Via8_26,Via,copper,-1.96,0.56,2.56,0.14,0.14,0.29
Via8_31,Via,copper,-1.96,0.84,2.56,0.14,0.14,0.29
Via8_33,Via,copper,-1.96,-1.68,2.56,0.14,0.14,0.29
Via8_36,Via,copper,-1.96,-1.4,2.56,0.14,0.14,0.29
Via8_45,Via,copper,-1.96,-0.84,2.56,0.14,0.14,0.29
Via8_47,Via,copper,-1.96,-0.56,2.56,0.14,0.14,0.29
Via8_53,Via,copper,-1.96,0.28,2.56,0.14,0.14,0.29
Via8_54,Via,copper,-1.96,0.28,2.56,0.14,0.14,0.29
Via8_56,Via,copper,-1.96,0.56,2.56,0.14,0.14,0.29
Via8_60,Via,copper,-1.96,0.84,2.56,0.14,0.14,0.29
Via8_62,Via,copper,-1.96,0.84,2.56,0.14,0.14,0.29
Via8_68,Via,copper,-1.68,-1.4,2.56,0.14,0.14,0.29
Via8_74,Via,copper,-1.68,-0.84,2.56,0.14,0.14,0.29
Via8_78,Via,copper,-1.68,-0.56,2.56,0.14,0.14,0.29
Via8_79,Via,copper,-1.68,-0.56,2.56,0.14,0.14,0.29
Via8_83,Via,copper,-1.68,-2.22045e-16,2.56,0.14,0.14,0.29
Via8_87,Via,copper,-1.68,0.56,2.56,0.14,0.14,0.29
Via8_88,Via,copper,-1.68,0.56,2.56,0.14,0.14,0.29
Via8_90,Via,copper,-1.68,0.84,2.56,0.14,0.14,0.29
Via8_118,Via,copper,-1.68,0.56,2.56,0.14,0.14,0.29
Via8_119,Via,copper,-1.68,0.56,2.56,0.14,0.14,0.29
Via8_129,Via,copper,-1.68,-1.4,2.56,0.14,0.14,0.29
Via8_132,Via,copper,-1.68,-1.12,2.56,0.14,0.14,0.29
Via8_140,Via,copper,-1.68,-0.56,2.56,0.14,0.14,0.29
Via8_151,Via,copper,-1.68,0.56,2.56,0.14,0.14,0.29
Via8_172,Via,copper,-1.4,-0.56,2.56,0.14,0.14,0.29
Via8_184,Via,copper,-1.4,0.84,2.56,0.14,0.14,0.29
Via8_190,Via,copper,-1.4,-1.4,2.56,0.14,0.14,0.29
Via8_199,Via,copper,-1.4,-0.84,2.56,0.14,0.14,0.29
Via8_200,Via,copper,-1.4,-0.84,2.56,0.14,0.14,0.29
Via8_204,Via,copper,-1.4,-0.28,2.56,0.14,0.14,0.29
Via8_218,Via,copper,-1.4,-1.96,2.56,0.14,0.14,0.29
Via8_228,Via,copper,-1.4,-0.84,2.56,0.14,0.14,0.29
Via8_229,Via,copper,-1.4,-0.84,2.56,0.14,0.14,0.29
Via8_232,Via,copper,-1.4,-0.84,2.56,0.14,0.14,0.29
Via8_234,Via,copper,-1.4,-0.56,2.56,0.14,0.14,0.29
Via8_272,Via,copper,-1.4,0.28,2.56,0.14,0.14,0.29
Via8_273,Via,copper,-1.4,0.56,2.56,0.14,0.14,0.29
Via8_289,Via,copper,-1.4,-1.12,2.56,0.14,0.14,0.29
Via8_298,Via,copper,-1.4,-0.28,2.56,0.14,0.14,0.29
Via8_315,Via,copper,-1.12,-1.4,2.56,0.14,0.14,0.29
Via8_316,Via,copper,-1.12,-1.4,2.56,0.14,0.14,0.29
Via8_341,Via,copper,-1.12,0.84,2.56,0.14,0.14,0.29
Via8_351,Via,copper,-0.84,-1.12,2.56,0.14,0.14,0.29
Via8_356,Via,copper,-0.84,-0.84,2.56,0.14,0.14,0.29
Via8_386,Via,copper,-0.84,-0.84,2.56,0.14,0.14,0.29
Via8_395,Via,copper,-0.84,0.28,2.56,0.14,0.14,0.29
Via8_404,Via,copper,-0.56,-1.96,2.56,0.14,0.14,0.29
Via8_408,Via,copper,-0.56,-1.4,2.56,0.14,0.14,0.29
Via8_410,Via,copper,-0.56,-1.4,2.56,0.14,0.14,0.29
Via8_411,Via,copper,-0.56,-1.12,2.56,0.14,0.14,0.29
Via8_426,Via,copper,-0.56,0.28,2.56,0.14,0.14,0.29
Via8_429,Via,copper,-0.56,0.56,2.56,0.14,0.14,0.29
Via8_454,Via,copper,-0.28,-2.22045e-16,2.56,0.14,0.14,0.29
Via8_480,Via,copper,-0.28,-0.84,2.56,0.14,0.14,0.29
Via8_509,Via,copper,-0.28,-0.84,2.56,0.14,0.14,0.29
Via8_518,Via,copper,-0.28,0.28,2.56,0.14,0.14,0.29
Via8_524,Via,copper,-0.28,0.84,2.56,0.14,0.14,0.29
Via8_544,Via,copper,-2.22045e-16,-0.56,2.56,0.14,0.14,0.29
Via8_553,Via,copper,-2.22045e-16,0.56,2.56,0.14,0.14,0.29
Via8_556,Via,copper,-2.22045e-16,0.84,2.56,0.14,0.14,0.29
Via8_572,Via,copper,-2.22045e-16,-0.84,2.56,0.14,0.14,0.29
Via8_573,Via,copper,-2.22045e-16,-0.84,2.56,0.14,0.14,0.29
Via8_577,Via,copper,-2.22045e-16,-0.28,2.56,0.14,0.14,0.29
Via8_633,Via,copper,0.28,-0.84,2.56,0.14,0.14,0.29
Via8_660,Via,copper,0.56,-1.12,2.56,0.14,0.14,0.29
Via8_662,Via,copper,0.56,-0.84,2.56,0.14,0.14,0.29
Via8_666,Via,copper,0.56,-0.84,2.56,0.14,0.14,0.29
Via8_677,Via,copper,0.56,0.56,2.56,0.14,0.14,0.29
Via8_679,Via,copper,0.56,0.84,2.56,0.14,0.14,0.29
Via8_681,Via,copper,0.56,0.84,2.56,0.14,0.14,0.29
Via8_689,Via,copper,0.84,-1.4,2.56,0.14,0.14,0.29
Via8_697,Via,copper,0.84,-0.84,2.56,0.14,0.14,0.29
Via8_718,Via,copper,0.84,-1.4,2.56,0.14,0.14,0.29
Via8_722,Via,copper,0.84,-1.12,2.56,0.14,0.14,0.29
Via8_727,Via,copper,0.84,-0.84,2.56,0.14,0.14,0.29
Via8_753,Via,copper,0.84,-1.12,2.56,0.14,0.14,0.29
Via8_763,Via,copper,0.84,-0.28,2.56,0.14,0.14,0.29
Via8_765,Via,copper,0.84,-2.22045e-16,2.56,0.14,0.14,0.29
Via8_773,Via,copper,0.84,0.84,2.56,0.14,0.14,0.29
Via8_775,Via,copper,0.84,0.84,2.56,0.14,0.14,0.29
Via8_782,Via,copper,1.12,-1.4,2.56,0.14,0.14,0.29
Via8_785,Via,copper,1.12,-1.12,2.56,0.14,0.14,0.29
Via8_791,Via,copper,1.12,-0.56,2.56,0.14,0.14,0.29
Via8_802,Via,copper,1.12,0.56,2.56,0.14,0.14,0.29
Via8_812,Via,copper,1.4,-1.4,2.56,0.14,0.14,0.29
Via8_827,Via,copper,1.4,-2.22045e-16,2.56,0.14,0.14,0.29
Via8_848,Via,copper,1.4,-0.84,2.56,0.14,0.14,0.29
Via8_873,Via,copper,1.68,-1.4,2.56,0.14,0.14,0.29
Via8_880,Via,copper,1.68,-0.84,2.56,0.14,0.14,0.29
Via8_894,Via,copper,1.68,0.56,2.56,0.14,0.14,0.29
Via8_918,Via,copper,1.68,-0.28,2.56,0.14,0.14,0.29
Via8_934,Via,copper,1.68,-1.4,2.56,0.14,0.14,0.29
Via8_968,Via,copper,1.68,1.68,2.56,0.14,0.14,0.29
Via8_969,Via,copper,1.68,1.68,2.56,0.14,0.14,0.29
Via8_975,Via,copper,0.56,-2.22045e-16,2.56,0.14,0.14,0.29
Via8_1023,Via,copper,0.84,0.84,2.56,0.14,0.14,0.29
Via8_1027,Via,copper,-2.22045e-16,-1.96,2.56,0.14,0.14,0.29
Via8_1033,Via,copper,-2.22045e-16,-1.4,2.56,0.14,0.14,0.29
Via8_1042,Via,copper,-2.22045e-16,-0.28,2.56,0.14,0.14,0.29
Via8_1044,Via,copper,-2.22045e-16,-2.22045e-16,2.56,0.14,0.14,0.29
Via8_1051,Via,copper,-2.22045e-16,1.12,2.56,0.14,0.14,0.29
Via8_1060,Via,copper,0.84,0.84,2.56,0.14,0.14,0.29
Via8_1064,Via,copper,0.84,1.12,2.56,0.14,0.14,0.29
Via8_1091,Via,copper,-2.22045e-16,0.84,2.56,0.14,0.14,0.29
Via8_1106,Via,copper,1.12,-1.96,2.56,0.14,0.14,0.29
Via8_1117,Via,copper,0.28,-1.4,2.56,0.14,0.14,0.29
Via8_1133,Via,copper,0.28,1.12,2.56,0.14,0.14,0.29
Via8_1135,Via,copper,0.28,1.4,2.56,0.14,0.14,0.29
Via8_1142,Via,copper,1.12,-1.96,2.56,0.14,0.14,0.29
Via8_1152,Via,copper,0.28,-1.68,2.56,0.14,0.14,0.29
Via8_1153,Via,copper,0.28,-1.68,2.56,0.14,0.14,0.29
Via8_1164,Via,copper,0.28,-0.28,2.56,0.14,0.14,0.29
Via8_1168,Via,copper,0.28,0.28,2.56,0.14,0.14,0.29
Via8_1181,Via,copper,1.12,-1.96,2.56,0.14,0.14,0.29
Via8_1182,Via,copper,1.12,-1.96,2.56,0.14,0.14,0.29
Via8_1202,Via,copper,0.28,-0.84,2.56,0.14,0.14,0.29
Via8_1218,Via,copper,0.28,1.68,2.56,0.14,0.14,0.29
Via8_1224,Via,copper,1.12,-1.68,2.56,0.14,0.14,0.29
Via8_1226,Via,copper,1.12,-1.4,2.56,0.14,0.14,0.29
Via8_1247,Via,copper,0.56,-0.28,2.56,0.14,0.14,0.29
Via8_1256,Via,copper,0.56,1.12,2.56,0.14,0.14,0.29
Via8_1267,Via,copper,1.4,-1.12,2.56,0.14,0.14,0.29
Via8_1269,Via,copper,1.4,-1.12,2.56,0.14,0.14,0.29
Via8_1298,Via,copper,0.56,1.4,2.56,0.14,0.14,0.29
Via8_1313,Via,copper,0.56,-1.96,2.56,0.14,0.14,0.29
Via8_1320,Via,copper,0.56,-1.4,2.56,0.14,0.14,0.29
Via8_1328,Via,copper,0.56,-0.28,2.56,0.14,0.14,0.29
Via8_1329,Via,copper,0.56,-0.28,2.56,0.14,0.14,0.29
Via8_1361,Via,copper,0.84,-1.4,2.56,0.14,0.14,0.29
Via8_1368,Via,copper,0.84,-0.28,2.56,0.14,0.14,0.29
Via8_1371,Via,copper,0.84,-2.22045e-16,2.56,0.14,0.14,0.29
Via8_1373,Via,copper,0.84,0.28,2.56,0.14,0.14,0.29
Via8_1384,Via,copper,0.84,1.68,2.56,0.14,0.14,0.29
Via8_1402,Via,copper,0.84,-1.4,2.56,0.14,0.14,0.29
Via8_1431,Via,copper,1.68,-2.22045e-16,2.56,0.14,0.14,0.29
Via8_1432,Via,copper,1.68,-2.22045e-16,2.56,0.14,0.14,0.29
Via8_1436,Via,copper,1.12,-1.96,2.56,0.14,0.14,0.29
Via8_1438,Via,copper,1.12,-1.68,2.56,0.14,0.14,0.29
Via8_1455,Via,copper,1.12,0.28,2.56,0.14,0.14,0.29
Via8_1466,Via,copper,1.12,1.68,2.56,0.14,0.14,0.29
Via8_1468,Via,copper,0,0,2.56,0.14,0.14,0.29
Via8_1482,Via,copper,1.12,-1.4,2.56,0.14,0.14,0.29
Via8_1499,Via,copper,1.12,0.84,2.56,0.14,0.14,0.29
Via8_1501,Via,copper,1.12,0.84,2.56,0.14,0.14,0.29
Via8_1504,Via,copper,1.12,1.4,2.56,0.14,0.14,0.29
Via8_1519,Via,copper,1.12,-1.96,2.56,0.14,0.14,0.29
Via8_1523,Via,copper,1.12,-1.4,2.56,0.14,0.14,0.29
Via8_1527,Via,copper,1.12,-1.4,2.56,0.14,0.14,0.29
Via8_1544,Via,copper,1.12,1.4,2.56,0.14,0.14,0.29
Via8_1551,Via,copper,0,0,2.56,0.14,0.14,0.29
Via8_1556,Via,copper,0,0,2.56,0.14,0.14,0.29
Via8_1565,Via,copper,1.4,-1.4,2.56,0.14,0.14,0.29
Via8_1587,Via,copper,1.4,1.68,2.56,0.14,0.14,0.29
Via8_1592,Via,copper,0,0,2.56,0.14,0.14,0.29
Via8_1597,Via,copper,0,0,2.56,0.14,0.14,0.29
Via8_1609,Via,copper,1.68,-1.4,2.56,0.14,0.14,0.29
Via8_1616,Via,copper,1.68,-0.28,2.56,0.14,0.14,0.29
Via8_1618,Via,copper,1.68,-2.22045e-16,2.56,0.14,0.14,0.29
Via8_1619,Via,copper,1.68,0.28,2.56,0.14,0.14,0.29
Via8_1623,Via,copper,1.68,0.84,2.56,0.14,0.14,0.29
Via8_1628,Via,copper,1.68,1.68,2.56,0.14,0.14,0.29
Via8_1632,Via,copper,0,0,2.56,0.14,0.14,0.29
Via8_1639,Via,copper,0,0,2.56,0.14,0.14,0.29
Via8_1644,Via,copper,1.68,-1.68,2.56,0.14,0.14,0.29
Via8_1664,Via,copper,1.68,0.84,2.56,0.14,0.14,0.29
Via9_6,Via,copper,-1.96,-1.4,3.13,0.14,0.14,0.29
Via9_13,Via,copper,-1.96,-0.56,3.13,0.14,0.14,0.29
Via9_21,Via,copper,-1.96,0.28,3.13,0.14,0.14,0.29
Via9_34,Via,copper,-1.96,-1.68,3.13,0.14,0.14,0.29
Via9_47,Via,copper,-1.68,-1.4,3.13,0.14,0.14,0.29
Via9_86,Via,copper,-1.68,-1.4,3.13,0.14,0.14,0.29
Via9_91,Via,copper,-1.68,-0.84,3.13,0.14,0.14,0.29
Via9_105,Via,copper,-1.68,0.56,3.13,0.14,0.14,0.29
Via9_111,Via,copper,-1.68,1.4,3.13,0.14,0.14,0.29
Via9_114,Via,copper,-1.68,-2.22045e-16,3.13,0.14,0.14,0.29
Via9_115,Via,copper,-1.68,0.28,3.13,0.14,0.14,0.29
Via9_130,Via,copper,-1.4,-1.12,3.13,0.14,0.14,0.29
Via9_150,Via,copper,-1.4,1.4,3.13,0.14,0.14,0.29
Via9_155,Via,copper,-1.68,0.84,3.13,0.14,0.14,0.29
Via9_184,Via,copper,-1.4,0.56,3.13,0.14,0.14,0.29
Via9_204,Via,copper,-1.4,-1.68,3.13,0.14,0.14,0.29
Via9_210,Via,copper,-1.4,-1.12,3.13,0.14,0.14,0.29
Via9_216,Via,copper,-1.4,-0.28,3.13,0.14,0.14,0.29
Via9_218,Via,copper,-1.4,-2.22045e-16,3.13,0.14,0.14,0.29
Via9_222,Via,copper,-1.4,0.28,3.13,0.14,0.14,0.29
Via9_254,Via,copper,-1.4,-0.56,3.13,0.14,0.14,0.29
Via9_255,Via,copper,-1.4,-0.28,3.13,0.14,0.14,0.29
Via9_259,Via,copper,-1.4,-2.22045e-16,3.13,0.14,0.14,0.29
Via9_261,Via,copper,-1.4,0.28,3.13,0.14,0.14,0.29
Via9_267,Via,copper,-1.4,0.84,3.13,0.14,0.14,0.29
Via9_269,Via,copper,-1.4,1.12,3.13,0.14,0.14,0.29
Via9_290,Via,copper,-1.12,-1.12,3.13,0.14,0.14,0.29
Via9_291,Via,copper,-1.12,-0.84,3.13,0.14,0.14,0.29
Via9_308,Via,copper,-1.12,1.12,3.13,0.14,0.14,0.29
Via9_312,Via,copper,-1.12,1.4,3.13,0.14,0.14,0.29
Via9_314,Via,copper,-1.12,-1.4,3.13,0.14,0.14,0.29
Via9_339,Via,copper,-1.12,-2.22045e-16,3.13,0.14,0.14,0.29
Via9_349,Via,copper,-1.12,1.12,3.13,0.14,0.14,0.29
Via9_355,Via,copper,-0.84,-0.84,3.13,0.14,0.14,0.29
Via9_356,Via,copper,-0.84,-0.84,3.13,0.14,0.14,0.29
Via9_362,Via,copper,-1.12,-1.96,3.13,0.14,0.14,0.29
Via9_363,Via,copper,-1.12,-1.96,3.13,0.14,0.14,0.29
Via9_376,Via,copper,-1.12,-0.28,3.13,0.14,0.14,0.29
Via9_379,Via,copper,-1.12,-2.22045e-16,3.13,0.14,0.14,0.29
Via9_389,Via,copper,-1.12,1.12,3.13,0.14,0.14,0.29
Via9_396,Via,copper,-0.84,0.28,3.13,0.14,0.14,0.29
Via9_400,Via,copper,-0.84,0.84,3.13,0.14,0.14,0.29
Via9_409,Via,copper,-0.84,-1.4,3.13,0.14,0.14,0.29
Via9_414,Via,copper,-0.84,-0.56,3.13,0.14,0.14,0.29
Via9_439,Via,copper,-0.28,-1.4,3.13,0.14,0.14,0.29
Via9_440,Via,copper,-0.28,-1.4,3.13,0.14,0.14,0.29
Via9_441,Via,copper,-0.84,-1.96,3.13,0.14,0.14,0.29
Via9_455,Via,copper,-0.84,-0.28,3.13,0.14,0.14,0.29
Via9_459,Via,copper,-0.84,-2.22045e-16,3.13,0.14,0.14,0.29
Via9_468,Via,copper,-0.84,1.12,3.13,0.14,0.14,0.29
Via9_469,Via,copper,-0.84,1.12,3.13,0.14,0.14,0.29
Via9_474,Via,copper,-0.28,-1.12,3.13,0.14,0.14,0.29
Via9_480,Via,copper,-0.28,-0.84,3.13,0.14,0.14,0.29
Via9_487,Via,copper,-0.84,-1.4,3.13,0.14,0.14,0.29
Via9_494,Via,copper,-0.84,-0.56,3.13,0.14,0.14,0.29
Via9_529,Via,copper,-0.84,-1.4,3.13,0.14,0.14,0.29
Via9_540,Via,copper,-0.84,0.28,3.13,0.14,0.14,0.29
Via9_548,Via,copper,-0.84,1.12,3.13,0.14,0.14,0.29
Via9_563,Via,copper,-0.84,-1.96,3.13,0.14,0.14,0.29
Via9_575,Via,copper,-0.84,-0.28,3.13,0.14,0.14,0.29
Via9_590,Via,copper,-0.84,1.4,3.13,0.14,0.14,0.29
Via9_602,Via,copper,-0.56,-1.96,3.13,0.14,0.14,0.29
Via9_611,Via,copper,-0.56,-0.84,3.13,0.14,0.14,0.29
Via9_613,Via,copper,-0.56,-0.56,3.13,0.14,0.14,0.29
Via9_615,Via,copper,-0.56,-0.28,3.13,0.14,0.14,0.29
Via9_624,Via,copper,-0.56,0.56,3.13,0.14,0.14,0.29
Via9_635,Via,copper,0.28,-0.84,3.13,0.14,0.14,0.29
Via9_636,Via,copper,0.28,-0.56,3.13,0.14,0.14,0.29
Via9_652,Via,copper,-0.56,-0.56,3.13,0.14,0.14,0.29
Via9_654,Via,copper,-0.56,-0.56,3.13,0.14,0.14,0.29
Via9_655,Via,copper,-0.56,-0.28,3.13,0.14,0.14,0.29
Via9_670,Via,copper,-0.56,1.4,3.13,0.14,0.14,0.29
Via9_675,Via,copper,0.56,0.28,3.13,0.14,0.14,0.29
Via9_685,Via,copper,-0.28,-1.68,3.13,0.14,0.14,0.29
Via9_690,Via,copper,-0.28,-1.12,3.13,0.14,0.14,0.29
Via9_703,Via,copper,-0.28,0.56,3.13,0.14,0.14,0.29
Via9_710,Via,copper,-0.28,1.4,3.13,0.14,0.14,0.29
Via9_714,Via,copper,0.84,-1.96,3.13,0.14,0.14,0.29
Via9_755,Via,copper,0.84,-0.84,3.13,0.14,0.14,0.29
Via9_770,Via,copper,-2.22045e-16,-1.12,3.13,0.14,0.14,0.29
Via9_774,Via,copper,-2.22045e-16,-0.56,3.13,0.14,0.14,0.29
Via9_790,Via,copper,-2.22045e-16,1.4,3.13,0.14,0.14,0.29
Via9_805,Via,copper,-2.22045e-16,-1.68,3.13,0.14,0.14,0.29
Via9_808,Via,copper,-2.22045e-16,-1.4,3.13,0.14,0.14,0.29
Via9_810,Via,copper,-2.22045e-16,-1.12,3.13,0.14,0.14,0.29
Via9_825,Via,copper,-2.22045e-16,0.56,3.13,0.14,0.14,0.29
Via9_830,Via,copper,-2.22045e-16,1.4,3.13,0.14,0.14,0.29
Via9_837,Via,copper,1.4,0.84,3.13,0.14,0.14,0.29
Via9_849,Via,copper,0.28,-1.4,3.13,0.14,0.14,0.29
Via9_863,Via,copper,0.28,0.56,3.13,0.14,0.14,0.29
Via9_883,Via,copper,0.28,-1.96,3.13,0.14,0.14,0.29
Via9_892,Via,copper,0.28,-0.56,3.13,0.14,0.14,0.29
Via9_900,Via,copper,0.28,0.28,3.13,0.14,0.14,0.29
Via9_905,Via,copper,0.28,0.56,3.13,0.14,0.14,0.29
Via9_916,Via,copper,1.68,-0.56,3.13,0.14,0.14,0.29
Via9_923,Via,copper,0.28,-1.96,3.13,0.14,0.14,0.29
Via9_928,Via,copper,0.28,-1.4,3.13,0.14,0.14,0.29
Via9_932,Via,copper,0.28,-0.56,3.13,0.14,0.14,0.29
Via9_941,Via,copper,0.28,0.28,3.13,0.14,0.14,0.29
Via9_948,Via,copper,0.28,1.12,3.13,0.14,0.14,0.29
Via9_954,Via,copper,1.68,0.28,3.13,0.14,0.14,0.29
Via9_955,Via,copper,1.68,0.56,3.13,0.14,0.14,0.29
Via9_957,Via,copper,1.68,0.56,3.13,0.14,0.14,0.29
Via9_969,Via,copper,0.56,-1.4,3.13,0.14,0.14,0.29
Via9_994,Via,copper,-2.22045e-16,-1.4,3.13,0.14,0.14,0.29
Via9_998,Via,copper,-2.22045e-16,-0.56,3.13,0.14,0.14,0.29
Via9_1014,Via,copper,0.56,-0.56,3.13,0.14,0.14,0.29
Via9_1015,Via,copper,0.56,-0.28,3.13,0.14,0.14,0.29
Via9_1111,Via,copper,0.84,1.4,3.13,0.14,0.14,0.29
Via9_1139,Via,copper,0.84,-2.22045e-16,3.13,0.14,0.14,0.29
Via9_1152,Via,copper,0.84,1.4,3.13,0.14,0.14,0.29
Via9_1169,Via,copper,0.84,-1.4,3.13,0.14,0.14,0.29
Via9_1171,Via,copper,0.84,-0.84,3.13,0.14,0.14,0.29
Via9_1188,Via,copper,0.84,1.12,3.13,0.14,0.14,0.29
Via9_1192,Via,copper,0.84,1.4,3.13,0.14,0.14,0.29
Via9_1201,Via,copper,0.84,-1.96,3.13,0.14,0.14,0.29
Via9_1212,Via,copper,0.84,-0.56,3.13,0.14,0.14,0.29
Via9_1217,Via,copper,0.84,-0.28,3.13,0.14,0.14,0.29
Via9_1226,Via,copper,0.84,0.56,3.13,0.14,0.14,0.29
Via9_1241,Via,copper,1.12,-1.96,3.13,0.14,0.14,0.29
Via9_1249,Via,copper,1.12,-1.4,3.13,0.14,0.14,0.29
Via9_1255,Via,copper,1.12,-0.28,3.13,0.14,0.14,0.29
Via9_1266,Via,copper,1.12,0.56,3.13,0.14,0.14,0.29
Via9_1270,Via,copper,1.12,1.4,3.13,0.14,0.14,0.29
Via9_1276,Via,copper,0.56,-1.68,3.13,0.14,0.14,0.29
Via9_1285,Via,copper,1.12,-1.68,3.13,0.14,0.14,0.29
Via9_1294,Via,copper,1.12,-0.56,3.13,0.14,0.14,0.29
Via9_1300,Via,copper,1.12,0.28,3.13,0.14,0.14,0.29
Via9_1311,Via,copper,1.12,1.4,3.13,0.14,0.14,0.29
Via9_1335,Via,copper,1.12,-0.28,3.13,0.14,0.14,0.29
Via9_1338,Via,copper,1.12,-2.22045e-16,3.13,0.14,0.14,0.29
Via9_1352,Via,copper,1.12,1.4,3.13,0.14,0.14,0.29
Via9_1356,Via,copper,0.84,-1.68,3.13,0.14,0.14,0.29
Via9_1370,Via,copper,1.4,-1.12,3.13,0.14,0.14,0.29
Via9_1394,Via,copper,1.68,-2.22045e-16,3.13,0.14,0.14,0.29
Via9_1396,Via,copper,0.84,-1.96,3.13,0.14,0.14,0.29
Via9_1401,Via,copper,1.4,-1.96,3.13,0.14,0.14,0.29
Via9_1421,Via,copper,1.4,0.28,3.13,0.14,0.14,0.29
Via9_1422,Via,copper,1.4,0.28,3.13,0.14,0.14,0.29
Via9_1423,Via,copper,1.4,0.56,3.13,0.14,0.14,0.29
Via9_1461,Via,copper,1.4,0.28,3.13,0.14,0.14,0.29
Via9_1482,Via,copper,1.68,-1.96,3.13,0.14,0.14,0.29
Via9_1487,Via,copper,1.68,-1.4,3.13,0.14,0.14,0.29
Via9_1490,Via,copper,1.68,-1.12,3.13,0.14,0.14,0.29
Via9_1492,Via,copper,1.68,-0.56,3.13,0.14,0.14,0.29
Via9_1503,Via,copper,1.68,0.56,3.13,0.14,0.14,0.29
Via9_1511,Via,copper,1.68,1.4,3.13,0.14,0.14,0.29
Via9_1514,Via,copper,0,0,3.13,0.14,0.14,0.29
Via9_1516,Via,copper,0,0,3.13,0.14,0.14,0.29
Via9_1524,Via,copper,1.68,-1.68,3.13,0.14,0.14,0.29
Via9_1538,Via,copper,1.68,-2.22045e-16,3.13,0.14,0.14,0.29
Via9_1539,Via,copper,1.68,-2.22045e-16,3.13,0.14,0.14,0.29
Via9_1541,Via,copper,1.68,0.28,3.13,0.14,0.14,0.29
Via9_1547,Via,copper,1.68,0.84,3.13,0.14,0.14,0.29
Via9_1550,Via,copper,1.68,1.4,3.13,0.14,0.14,0.29
Via9_1561,Via,copper,1.68,-1.96,3.13,0.14,0.14,0.29
Via9_1567,Via,copper,1.68,-1.4,3.13,0.14,0.14,0.29
Via9_1570,Via,copper,1.68,-1.12,3.13,0.14,0.14,0.29
Via9_1575,Via,copper,1.68,-0.28,3.13,0.14,0.14,0.29
Via9_1579,Via,copper,1.68,-2.22045e-16,3.13,0.14,0.14,0.29
Via9_1599,Via,copper,0,0,3.13,0.14,0.14,0.29
Via9_1600,Via,copper,1.68,-1.96,3.13,0.14,0.14,0.29
Via9_1604,Via,copper,1.68,-1.68,3.13,0.14,0.14,0.29
Via9_1607,Via,copper,1.68,-1.4,3.13,0.14,0.14,0.29
Via9_1616,Via,copper,1.68,-0.28,3.13,0.14,0.14,0.29
Via9_1624,Via,copper,1.68,0.84,3.13,0.14,0.14,0.29
Via9_1648,Via,copper,1.68,-1.4,3.13,0.14,0.14,0.29
Via9_1656,Via,copper,1.68,-0.28,3.13,0.14,0.14,0.29
Via9_1659,Via,copper,1.68,-2.22045e-16,3.13,0.14,0.14,0.29
Via9_1660,Via,copper,1.68,0.28,3.13,0.14,0.14,0.29
Via9_1671,Via,copper,1.68,1.68,3.13,0.14,0.14,0.29
Rear_Cu_Block,Metal,copper,-1.96,-1.96,4.7,3.92,3.92,10
Bond_layer,Dielectric,Material_bond_layer,-1.96,-1.96,3.7,3.92,3.92,1
Dielectric_layer,Dielectric,Material_Dielectric,-1.96,-1.96,0,3.92,3.92,3.7
Front_Si,Substrate,silicon,-1.96,-1.96,0,3.92,3.92,-5
Front_Cu_Block,Metal,copper,-1.96,-1.96,-5,3.92,3.92,-10
